nodeid,first,last
tests/test_machine.py::test_imas_reader_dispatches_rectangle,not_run,unobserved
tests/test_machine.py::test_reader_seam_is_interchangeable,not_run,unobserved
tests/test_machine.py::test_registry_reader_preserves_missing_evidence_state,not_run,unobserved
tests/test_machine.py::test_registry_reader_selects_geometry_and_exposes_evidence,not_run,unobserved
tests/test_machine.py::test_resistivity_is_per_coil_not_broadcast,not_run,unobserved
tests/test_machine.py::test_resistivity_reaches_a_single_inserted_coil,not_run,unobserved
tests/test_machine.py::test_tabular_annulus_matches_imas_normalisation,not_run,unobserved
tests/test_machine.py::test_tabular_reader_reports_missing_attribute,not_run,unobserved
tests/test_machine.py::test_wall_boundary_reports_an_absent_source,not_run,unobserved
tests/test_machine_artifact.py::test_diiid_artifact_reference_is_a_ghcr_reference,not_run,unobserved
tests/test_machine_artifact.py::test_imas_netcdf_inventory_has_repeatable_content_identity,not_run,unobserved
tests/test_machine_artifact.py::test_machine_name_parameterizes_manifest_and_oci_identity,not_run,unobserved
tests/test_machine_artifact.py::test_machine_name_rejects_noncanonical_registry_names[ DIII-D],not_run,unobserved
tests/test_machine_artifact.py::test_machine_name_rejects_noncanonical_registry_names[],not_run,unobserved
tests/test_machine_artifact.py::test_machine_name_rejects_noncanonical_registry_names[diii--d],not_run,unobserved
tests/test_machine_artifact.py::test_machine_name_rejects_noncanonical_registry_names[diii_d],not_run,unobserved
tests/test_machine_artifact.py::test_publication_resolves_latest_dictionary_and_refuses_prior_major,not_run,unobserved
tests/test_machine_artifact_concurrency.py::test_every_other_hdf5_byte_remains_verified,not_run,unobserved
tests/test_machine_artifact_concurrency.py::test_four_scoring_partitions_share_one_verified_artifact,not_run,unobserved
tests/test_machine_artifact_concurrency.py::test_manifest_identity_canonicalizes_only_hdf5_consistency_flags,not_run,unobserved
tests/test_machine_artifact_concurrency.py::test_verified_artifact_survives_repeated_concurrent_opens,not_run,unobserved
tests/test_map_extraction.py::test_axis_and_stationary_label_regions_inflate_uncertainty,not_run,unobserved
tests/test_map_extraction.py::test_delta_star_receipt_marks_the_centred_stencil_only,not_run,unobserved
tests/test_map_extraction.py::test_prescribed_profiles_round_trip_and_vacuum_receipt_passes,not_run,unobserved
tests/test_map_extraction.py::test_synthetic_chords_return_normalised_flux,not_run,unobserved
tests/test_mast_acquisition_scale.py::test_a_channel_absent_on_one_side_is_not_counted_as_holding,not_run,unobserved
tests/test_mast_acquisition_scale.py::test_a_channel_at_unity_is_not_promoted,not_run,unobserved
tests/test_mast_acquisition_scale.py::test_a_channel_recorded_at_two_settings_yields_two_blocks,not_run,unobserved
tests/test_mast_acquisition_scale.py::test_a_channel_that_only_scatters_yields_one_block,not_run,unobserved
tests/test_mast_acquisition_scale.py::test_a_channel_the_second_route_disagrees_on_is_withheld,not_run,unobserved
tests/test_mast_acquisition_scale.py::test_a_channel_whose_halves_disagree_is_withheld,not_run,unobserved
tests/test_mast_acquisition_scale.py::test_a_ratio_that_is_not_a_positive_number_is_refused,not_run,unobserved
tests/test_mast_acquisition_scale.py::test_a_steady_channel_two_routes_agree_on_is_promoted,not_run,unobserved
tests/test_mast_acquisition_scale.py::test_a_step_every_channel_takes_together_is_not_per_channel,not_run,unobserved
tests/test_mast_acquisition_scale.py::test_a_step_most_channels_hold_through_is_per_channel,not_run,unobserved
tests/test_mast_acquisition_scale.py::test_a_step_off_the_ladder_is_reported_as_off_it,not_run,unobserved
tests/test_mast_acquisition_scale.py::test_a_stepping_channel_is_never_a_promotion_candidate,not_run,unobserved
tests/test_mast_acquisition_scale.py::test_a_stepping_channel_refuses_to_report_one_scale,not_run,unobserved
tests/test_mast_acquisition_scale.py::test_an_infinite_span_serializes_as_a_null,not_run,unobserved
tests/test_mast_acquisition_scale.py::test_the_ladder_rungs_are_recognised_and_the_distance_reported,not_run,unobserved
tests/test_mast_acquisition_scale.py::test_the_record_carries_the_ladder_the_control_and_both_classes,not_run,unobserved
tests/test_mast_acquisition_scale.py::test_too_few_shots_is_neither_steady_nor_stepping,not_run,unobserved
tests/test_mast_acquisition_scale.py::test_two_blocks_at_the_same_scale_are_coalesced,not_run,unobserved
tests/test_mast_array_amplitude.py::test_a_boundary_invented_on_a_steady_channel_is_a_failure_not_a_near_miss,not_run,unobserved
tests/test_mast_array_amplitude.py::test_a_boundary_the_array_route_misses_is_a_disagreement,not_run,unobserved
tests/test_mast_array_amplitude.py::test_a_bracket_narrows_onto_the_pair_the_amplitude_crossed_at,not_run,unobserved
tests/test_mast_array_amplitude.py::test_a_bracket_the_array_route_cannot_resolve_stays_exactly_as_wide,not_run,unobserved
tests/test_mast_array_amplitude.py::test_a_channel_too_quiet_to_measure_is_left_out_rather_than_given_a_ratio,not_run,unobserved
tests/test_mast_array_amplitude.py::test_a_doubled_channel_reads_twice_the_array,not_run,unobserved
tests/test_mast_array_amplitude.py::test_a_minority_stepping_together_barely_moves_the_reference,not_run,unobserved
tests/test_mast_array_amplitude.py::test_a_shot_recording_too_few_channels_yields_nothing,not_run,unobserved
tests/test_mast_array_amplitude.py::test_a_standing_offset_is_removed_before_the_amplitude_is_taken,not_run,unobserved
tests/test_mast_array_amplitude.py::test_driving_the_shot_harder_leaves_every_ratio_alone,not_run,unobserved
tests/test_mast_array_amplitude.py::test_narrowing_cannot_reach_outside_the_fitted_bracket,not_run,unobserved
tests/test_mast_array_amplitude.py::test_only_the_shots_both_routes_read_enter_the_comparison,not_run,unobserved
tests/test_mast_array_amplitude.py::test_the_crossing_must_run_the_way_the_fitted_rungs_did,not_run,unobserved
tests/test_mast_array_amplitude.py::test_the_narrowing_summary_reports_what_it_tightened,not_run,unobserved
tests/test_mast_array_amplitude.py::test_the_summary_separates_reproduced_steps_from_reproduced_steadiness,not_run,unobserved
tests/test_mast_array_amplitude.py::test_the_two_routes_agree_when_they_place_the_same_boundary,not_run,unobserved
tests/test_mast_artifact.py::test_a_drive_weight_cannot_outrun_its_provenance,not_run,unobserved
tests/test_mast_artifact.py::test_channel_drives_survive_the_manifest_round_trip,not_run,unobserved
tests/test_mast_artifact.py::test_complete_artifact_cannot_carry_an_unresolved_field,not_run,unobserved
tests/test_mast_artifact.py::test_complete_artifact_is_operator_ready,not_run,unobserved
tests/test_mast_artifact.py::test_completeness_is_consistent_with_gaps_and_missing_evidence,not_run,unobserved
tests/test_mast_artifact.py::test_concurrent_materializers_share_verified_winner,not_run,unobserved
tests/test_mast_artifact.py::test_drive_semantics_move_the_semantic_identity,not_run,unobserved
tests/test_mast_artifact.py::test_existing_empty_destination_is_not_overwritten,not_run,unobserved
tests/test_mast_artifact.py::test_field_evidence_must_stay_inside_the_artifact_shot_extent,not_run,unobserved
tests/test_mast_artifact.py::test_field_evidence_survives_the_manifest_round_trip,not_run,unobserved
tests/test_mast_artifact.py::test_file_size_mismatch_is_reported_before_checksum,not_run,unobserved
tests/test_mast_artifact.py::test_filesystem_without_atomic_publication_is_named,not_run,unobserved
tests/test_mast_artifact.py::test_incomplete_artifact_can_be_stored_but_not_operator_ready,not_run,unobserved
tests/test_mast_artifact.py::test_malformed_hashes_and_unsafe_source_entries_are_rejected,not_run,unobserved
tests/test_mast_artifact.py::test_manifest_bytes_and_digest_are_deterministic,not_run,unobserved
tests/test_mast_artifact.py::test_manifest_rejects_casefold_colliding_directories,not_run,unobserved
tests/test_mast_artifact.py::test_manifest_rejects_casefold_colliding_names,not_run,unobserved
tests/test_mast_artifact.py::test_manifest_rejects_conflicting_evidence_for_one_field,not_run,unobserved
tests/test_mast_artifact.py::test_manifest_rejects_duplicate_files,not_run,unobserved
tests/test_mast_artifact.py::test_manifest_rejects_nonportable_names[../escape.h5],not_run,unobserved
tests/test_mast_artifact.py::test_manifest_rejects_nonportable_names[.],not_run,unobserved
tests/test_mast_artifact.py::test_manifest_rejects_nonportable_names[/absolute.h5],not_run,unobserved
tests/test_mast_artifact.py::test_manifest_rejects_nonportable_names[C:/escape.h5],not_run,unobserved
tests/test_mast_artifact.py::test_manifest_rejects_nonportable_names[CON],not_run,unobserved
tests/test_mast_artifact.py::test_manifest_rejects_nonportable_names[MANIFEST.JSON],not_run,unobserved
tests/test_mast_artifact.py::test_manifest_rejects_nonportable_names[\\\\server\\share\\escape.h5],not_run,unobserved
tests/test_mast_artifact.py::test_manifest_rejects_nonportable_names[],not_run,unobserved
tests/test_mast_artifact.py::test_manifest_rejects_nonportable_names[ids/../escape.h5],not_run,unobserved
tests/test_mast_artifact.py::test_manifest_rejects_nonportable_names[ids/./escape.h5],not_run,unobserved
tests/test_mast_artifact.py::test_manifest_rejects_nonportable_names[ids//escape.h5],not_run,unobserved
tests/test_mast_artifact.py::test_manifest_rejects_nonportable_names[ids/COM1.h5],not_run,unobserved
tests/test_mast_artifact.py::test_manifest_rejects_nonportable_names[ids/aux.txt],not_run,unobserved
tests/test_mast_artifact.py::test_manifest_rejects_nonportable_names[ids/greater>than.h5],not_run,unobserved
tests/test_mast_artifact.py::test_manifest_rejects_nonportable_names[ids/less<than.h5],not_run,unobserved
tests/test_mast_artifact.py::test_manifest_rejects_nonportable_names[ids/lpt9],not_run,unobserved
tests/test_mast_artifact.py::test_manifest_rejects_nonportable_names[ids/non_ascii_\xe9.h5],not_run,unobserved
tests/test_mast_artifact.py::test_manifest_rejects_nonportable_names[ids/pipe|name.h5],not_run,unobserved
tests/test_mast_artifact.py::test_manifest_rejects_nonportable_names[ids/question?.h5],not_run,unobserved
"tests/test_mast_artifact.py::test_manifest_rejects_nonportable_names[ids/quote""name.h5]",not_run,unobserved
tests/test_mast_artifact.py::test_manifest_rejects_nonportable_names[ids/star*.h5],not_run,unobserved
tests/test_mast_artifact.py::test_manifest_rejects_nonportable_names[ids/trailing ],not_run,unobserved
tests/test_mast_artifact.py::test_manifest_rejects_nonportable_names[ids/trailing.],not_run,unobserved
tests/test_mast_artifact.py::test_manifest_rejects_nonportable_names[ids\\escape.h5],not_run,unobserved
tests/test_mast_artifact.py::test_materialize_and_resolve_round_trip,not_run,unobserved
tests/test_mast_artifact.py::test_object_root_path_swap_cannot_redirect_materialization,not_run,unobserved
tests/test_mast_artifact.py::test_oci_reference_and_media_types_are_explicit,not_run,unobserved
tests/test_mast_artifact.py::test_repeated_materialization_is_idempotent,not_run,unobserved
tests/test_mast_artifact.py::test_resolver_rejects_file_set_and_content_changes[missing],not_run,unobserved
tests/test_mast_artifact.py::test_resolver_rejects_file_set_and_content_changes[tamper],not_run,unobserved
tests/test_mast_artifact.py::test_resolver_rejects_file_set_and_content_changes[unexpected],not_run,unobserved
tests/test_mast_artifact.py::test_resolver_rejects_identity_change_inside_manifest,not_run,unobserved
tests/test_mast_artifact.py::test_resolver_rejects_manifest_identity_mismatch,not_run,unobserved
tests/test_mast_artifact.py::test_resolver_rejects_noncanonical_manifest_bytes,not_run,unobserved
tests/test_mast_artifact.py::test_resolver_rejects_symlinked_manifest,not_run,unobserved
tests/test_mast_artifact.py::test_resolver_rejects_symlinked_payload,not_run,unobserved
tests/test_mast_artifact.py::test_semantic_identity_changes_with_authored_semantics,not_run,unobserved
tests/test_mast_artifact.py::test_semantic_identity_is_stable_across_container_rewrites,not_run,unobserved
tests/test_mast_artifact.py::test_source_inventory_rejects_casefold_collisions,not_run,unobserved
tests/test_mast_artifact.py::test_stale_temporary_directory_does_not_block_materialization,not_run,unobserved
tests/test_mast_artifact.py::test_symlinked_digest_destination_is_rejected_without_outside_writes,not_run,unobserved
tests/test_mast_artifact.py::test_symlinked_object_root_is_rejected_without_outside_writes,not_run,unobserved
tests/test_mast_block_scale.py::test_a_block_resting_on_no_shot_is_refused,not_run,unobserved
tests/test_mast_block_scale.py::test_a_bracket_is_pinned_when_no_readable_shot_lies_inside_it,not_run,unobserved
tests/test_mast_block_scale.py::test_a_bracket_reports_its_own_width_rather_than_a_boundary_shot,not_run,unobserved
tests/test_mast_block_scale.py::test_a_channel_the_table_never_measured_reads_unmeasured,not_run,unobserved
tests/test_mast_block_scale.py::test_a_factor_of_two_step_divides_by_exactly_two_not_by_the_ratio,not_run,unobserved
tests/test_mast_block_scale.py::test_a_fully_pinned_table_asks_for_no_further_shot,not_run,unobserved
tests/test_mast_block_scale.py::test_a_probe_already_read_is_not_offered_again,not_run,unobserved
tests/test_mast_block_scale.py::test_a_refusal_and_an_applied_unity_differ_only_in_the_disposition,not_run,unobserved
tests/test_mast_block_scale.py::test_a_refused_block_reads_the_channel_exactly_as_published,not_run,unobserved
tests/test_mast_block_scale.py::test_a_shot_between_two_blocks_is_unmeasured_and_carries_both_candidates,not_run,unobserved
tests/test_mast_block_scale.py::test_a_shot_in_a_gap_inside_one_block_is_bracketed_not_measured,not_run,unobserved
tests/test_mast_block_scale.py::test_a_shot_outside_the_measured_span_is_unmeasured,not_run,unobserved
tests/test_mast_block_scale.py::test_a_shot_the_block_was_measured_on_reads_measured,not_run,unobserved
tests/test_mast_block_scale.py::test_a_step_that_misses_every_rung_is_refused_not_rounded_on,not_run,unobserved
tests/test_mast_block_scale.py::test_a_table_round_trips_through_its_json_representation,not_run,unobserved
tests/test_mast_block_scale.py::test_a_zero_rung_is_refused_because_it_would_erase_the_signal,not_run,unobserved
tests/test_mast_block_scale.py::test_an_empty_table_is_the_raw_archive,not_run,unobserved
tests/test_mast_block_scale.py::test_an_unmeasured_channel_passes_through_untouched_beside_a_scaled_one,not_run,unobserved
tests/test_mast_block_scale.py::test_normalising_a_doubled_block_halves_the_samples,not_run,unobserved
tests/test_mast_block_scale.py::test_overlapping_blocks_are_refused_because_a_shot_would_have_two_settings,not_run,unobserved
tests/test_mast_block_scale.py::test_the_next_probe_bisects_the_widest_open_bracket,not_run,unobserved
tests/test_mast_block_scale.py::test_the_pinning_summary_counts_switches_and_their_widest_bracket,not_run,unobserved
tests/test_mast_block_scale.py::test_the_reference_block_is_the_one_reading_nearest_the_described_field,not_run,unobserved
tests/test_mast_block_scale_read_path.py::test_an_empty_table_keeps_the_vacuum_reader_on_the_raw_archive,not_run,unobserved
tests/test_mast_block_scale_read_path.py::test_the_correction_survives_the_window_tests_the_reader_applies,not_run,unobserved
tests/test_mast_block_scale_read_path.py::test_the_screen_reader_serves_field_rather_than_range,not_run,unobserved
tests/test_mast_block_scale_read_path.py::test_the_screen_reader_stays_raw_on_an_empty_table,not_run,unobserved
tests/test_mast_block_scale_read_path.py::test_the_vacuum_reader_divides_the_doubled_channel_and_leaves_the_other,not_run,unobserved
tests/test_mast_block_scale_read_path.py::test_the_vacuum_reader_reports_what_it_divided_and_what_it_did_not,not_run,unobserved
tests/test_mast_calibration_cohort.py::test_a_channel_with_too_few_samples_reports_no_floor,not_run,unobserved
tests/test_mast_calibration_cohort.py::test_a_cohort_that_holds_nothing_back_is_refused,not_run,unobserved
tests/test_mast_calibration_cohort.py::test_a_family_floor_pools_only_its_own_channels,not_run,unobserved
tests/test_mast_calibration_cohort.py::test_a_fit_cannot_run_against_a_split_nobody_wrote_down,not_run,unobserved
tests/test_mast_calibration_cohort.py::test_a_genuinely_varying_ratio_is_not_promoted,not_run,unobserved
tests/test_mast_calibration_cohort.py::test_a_half_scale_shot_is_refused_rather_than_fitted,not_run,unobserved
tests/test_mast_calibration_cohort.py::test_a_lockstep_pair_measures_only_its_sum,not_run,unobserved
tests/test_mast_calibration_cohort.py::test_a_missing_store_group_is_unreadable_rather_than_empty,not_run,unobserved
tests/test_mast_calibration_cohort.py::test_a_noise_shot_never_also_fits_a_turn_count,not_run,unobserved
tests/test_mast_calibration_cohort.py::test_a_pair_with_contrast_separates_its_members,not_run,unobserved
tests/test_mast_calibration_cohort.py::test_a_plasma_shot_is_not_a_vacuum_experiment,not_run,unobserved
tests/test_mast_calibration_cohort.py::test_a_pulsed_shot_cannot_measure_a_turn_count,not_run,unobserved
tests/test_mast_calibration_cohort.py::test_a_shot_below_the_excitation_floor_is_quiescent,not_run,unobserved
tests/test_mast_calibration_cohort.py::test_a_shot_driving_no_published_coil_is_refused_not_scored,not_run,unobserved
tests/test_mast_calibration_cohort.py::test_a_shot_matching_its_published_turns_reads_unit_amplitude,not_run,unobserved
tests/test_mast_calibration_cohort.py::test_a_shot_with_no_error_field_reading_never_claims_one,not_run,unobserved
tests/test_mast_calibration_cohort.py::test_a_sustained_lone_coil_measures_its_own_turns,not_run,unobserved
tests/test_mast_calibration_cohort.py::test_a_uniform_amplitude_leaves_the_field_shape_untouched,not_run,unobserved
tests/test_mast_calibration_cohort.py::test_an_amplitude_refused_shot_never_enters_a_repeat,not_run,unobserved
tests/test_mast_calibration_cohort.py::test_an_empty_envelope_is_refused,not_run,unobserved
tests/test_mast_calibration_cohort.py::test_class_counts_cover_every_classed_shot,not_run,unobserved
tests/test_mast_calibration_cohort.py::test_float_noise_does_not_split_a_published_ratio,not_run,unobserved
tests/test_mast_calibration_cohort.py::test_identifiability_separates_alone_from_sum_only_from_unreachable,not_run,unobserved
tests/test_mast_calibration_cohort.py::test_repeat_scatter_divides_out_the_supply_and_keeps_the_rest,not_run,unobserved
tests/test_mast_calibration_cohort.py::test_repeat_scatter_needs_two_readable_shots,not_run,unobserved
tests/test_mast_calibration_cohort.py::test_repeats_group_by_coil_and_current,not_run,unobserved
tests/test_mast_calibration_cohort.py::test_the_admissible_interval_admits_neither_a_half_nor_a_double,not_run,unobserved
tests/test_mast_calibration_cohort.py::test_the_cohort_record_states_its_classes_and_published_ratios,not_run,unobserved
tests/test_mast_calibration_cohort.py::test_the_floor_is_the_scatter_and_not_the_drift,not_run,unobserved
tests/test_mast_calibration_cohort.py::test_the_pooled_floor_is_a_quadratic_mean,not_run,unobserved
tests/test_mast_calibration_cohort.py::test_the_split_holds_out_shots_from_every_measurable_coil,not_run,unobserved
tests/test_mast_calibration_cohort.py::test_the_tolerance_sits_far_below_a_neighbouring_integer,not_run,unobserved
tests/test_mast_calibration_cohort.py::test_the_toroidal_field_alone_measures_the_sensors,not_run,unobserved
tests/test_mast_calibration_cohort.py::test_two_shots_a_campaign_apart_are_not_one_repetition,not_run,unobserved
tests/test_mast_catalog_geometry.py::test_active_outline_ignores_cell_subdivision,not_run,unobserved
tests/test_mast_catalog_geometry.py::test_catalog_scan_resumes_from_atomic_fingerprint_checkpoint,not_run,unobserved
tests/test_mast_catalog_geometry.py::test_closed_path_ignores_start_and_direction,not_run,unobserved
tests/test_mast_catalog_geometry.py::test_coil_case_plates_enclose_the_windings_they_surround,not_run,unobserved
tests/test_mast_catalog_geometry.py::test_outboard_radial_probes_measure_the_radial_component,not_run,unobserved
tests/test_mast_catalog_geometry.py::test_packaged_registry_identity_is_pinned_by_value,not_run,unobserved
tests/test_mast_catalog_geometry.py::test_partial_passive_store_is_missing_evidence,not_run,unobserved
tests/test_mast_catalog_geometry.py::test_passive_union_ignores_element_subdivision,not_run,unobserved
tests/test_mast_catalog_geometry.py::test_physical_identity_changes_with_supported_geometry_and_pose,not_run,unobserved
tests/test_mast_catalog_geometry.py::test_ranges_ignore_missing_shots_but_split_real_changes,not_run,unobserved
tests/test_mast_catalog_geometry.py::test_real_catalog_setup_variants_share_physical_source,not_run,unobserved
tests/test_mast_catalog_geometry.py::test_registry_angles_are_canonical_radians,not_run,unobserved
tests/test_mast_catalog_geometry.py::test_registry_contains_all_census_source_gaps,not_run,unobserved
tests/test_mast_catalog_geometry.py::test_registry_pins_catalog_degree_conversions,not_run,unobserved
tests/test_mast_catalog_geometry.py::test_registry_records_the_identity_it_replaced,not_run,unobserved
tests/test_mast_catalog_geometry.py::test_registry_resolves_aliases_to_one_physical_configuration,not_run,unobserved
tests/test_mast_catalog_geometry.py::test_registry_shot_lookup_separates_evidence_from_identity,not_run,unobserved
tests/test_mast_catalog_geometry.py::test_unsupported_semantics_are_explicit_authoring_gaps,not_run,unobserved
tests/test_mast_channel_drive.py::test_a_campaigns_channel_set_selects_its_own_drives,not_run,unobserved
tests/test_mast_channel_drive.py::test_a_case_group_with_no_channel_is_left_undriven,not_run,unobserved
tests/test_mast_channel_drive.py::test_a_conductor_channel_drives_the_authored_turn_count,not_run,unobserved
tests/test_mast_channel_drive.py::test_a_drive_map_round_trips_through_canonical_json,not_run,unobserved
tests/test_mast_channel_drive.py::test_a_fitted_weight_must_bound_itself,not_run,unobserved
tests/test_mast_channel_drive.py::test_a_multi_plate_group_splits_by_section_area,not_run,unobserved
tests/test_mast_channel_drive.py::test_a_zero_weight_is_not_a_drive,not_run,unobserved
tests/test_mast_channel_drive.py::test_an_ampere_turn_channel_drives_one_turn,not_run,unobserved
tests/test_mast_channel_drive.py::test_an_unresolved_drive_is_an_absent_drive,not_run,unobserved
tests/test_mast_channel_drive.py::test_every_driven_conductor_is_reachable,not_run,unobserved
tests/test_mast_channel_drive.py::test_every_weight_cites_a_record_the_ledger_carries,not_run,unobserved
tests/test_mast_channel_drive.py::test_one_channel_cannot_carry_two_weights,not_run,unobserved
tests/test_mast_channel_drive.py::test_the_channel_ratio_and_the_turn_count_stay_one_number,not_run,unobserved
tests/test_mast_channel_drive.py::test_the_measured_case_currents_reach_their_own_plates,not_run,unobserved
tests/test_mast_channel_drive.py::test_the_plate_assignment_agrees_with_the_published_grouping,not_run,unobserved
tests/test_mast_channel_drive.py::test_the_records_stay_inside_the_machines_the_sources_describe,not_run,unobserved
tests/test_mast_channel_drive.py::test_the_solenoid_drives_half_its_turns,not_run,unobserved
tests/test_mast_channel_drive.py::test_the_sourced_circuit_junctions_are_authored,not_run,unobserved
tests/test_mast_channel_drive.py::test_the_two_channel_weights_of_one_coil_differ_by_the_archive_ratio,not_run,unobserved
tests/test_mast_channel_drive.py::test_the_unidentified_coils_are_still_drivable,not_run,unobserved
tests/test_mast_channel_drive.py::test_the_unsourced_circuit_topologies_stay_unset,not_run,unobserved
tests/test_mast_error_field_screen.py::test_a_campaign_that_never_recorded_these_channels_is_refused_wholesale,not_run,unobserved
tests/test_mast_error_field_screen.py::test_a_channel_below_the_excitation_floor_drove_nothing,not_run,unobserved
tests/test_mast_error_field_screen.py::test_a_channel_correlating_with_an_error_field_coil_is_not_a_monitor,not_run,unobserved
tests/test_mast_error_field_screen.py::test_a_channel_the_excitation_never_reaches_has_no_limit,not_run,unobserved
tests/test_mast_error_field_screen.py::test_a_channel_without_a_measured_floor_cannot_be_screened,not_run,unobserved
tests/test_mast_error_field_screen.py::test_a_driven_shot_with_no_close_partner_yields_no_pair,not_run,unobserved
tests/test_mast_error_field_screen.py::test_a_monitor_on_an_axisymmetric_supply_is_identified_by_measurement,not_run,unobserved
tests/test_mast_error_field_screen.py::test_a_pair_is_matched_on_currents_and_not_on_a_family_label,not_run,unobserved
tests/test_mast_error_field_screen.py::test_a_pair_serializes_with_its_own_bound_on_the_cancellation,not_run,unobserved
tests/test_mast_error_field_screen.py::test_a_partner_driving_a_coil_the_other_did_not_is_refused,not_run,unobserved
tests/test_mast_error_field_screen.py::test_a_quiescent_shot_loses_nothing,not_run,unobserved
tests/test_mast_error_field_screen.py::test_a_recorded_and_quiet_shot_is_distinguished_from_an_unrecorded_one,not_run,unobserved
tests/test_mast_error_field_screen.py::test_a_response_far_above_its_neighbours_is_not_a_field,not_run,unobserved
tests/test_mast_error_field_screen.py::test_a_shot_nobody_screened_is_not_a_shot_that_passed,not_run,unobserved
tests/test_mast_error_field_screen.py::test_a_shot_recorded_at_zero_yields_no_slope_rather_than_an_error,not_run,unobserved
tests/test_mast_error_field_screen.py::test_a_shot_whose_partner_also_drove_the_error_field_is_not_a_partner,not_run,unobserved
tests/test_mast_error_field_screen.py::test_a_shot_with_no_such_channel_cannot_be_regressed_on,not_run,unobserved
tests/test_mast_error_field_screen.py::test_an_unmeasured_coupling_does_not_set_a_threshold,not_run,unobserved
tests/test_mast_error_field_screen.py::test_both_naming_schemes_are_screened,not_run,unobserved
tests/test_mast_error_field_screen.py::test_each_driven_shot_keeps_only_its_closest_partner,not_run,unobserved
tests/test_mast_error_field_screen.py::test_the_median_over_shots_is_what_sets_a_threshold,not_run,unobserved
tests/test_mast_error_field_screen.py::test_the_screen_record_round_trips_through_json,not_run,unobserved
tests/test_mast_error_field_screen.py::test_the_screen_removes_a_channel_and_keeps_the_shot,not_run,unobserved
tests/test_mast_error_field_screen.py::test_the_slope_is_measured_against_a_zero_taken_while_the_coil_was_off,not_run,unobserved
tests/test_mast_error_field_screen.py::test_the_strictest_measured_limit_is_the_one_applied,not_run,unobserved
tests/test_mast_error_field_screen.py::test_the_threshold_is_the_current_that_reaches_the_channels_own_floor,not_run,unobserved
tests/test_mast_error_field_screen.py::test_too_few_shots_cannot_identify_a_monitor,not_run,unobserved
tests/test_mast_evidence.py::test_a_resolved_field_cannot_keep_candidates_open,not_run,unobserved
tests/test_mast_evidence.py::test_candidates_are_canonically_ordered,not_run,unobserved
tests/test_mast_evidence.py::test_citation_must_be_followable,not_run,unobserved
tests/test_mast_evidence.py::test_decoder_rejects_unknown_states_and_malformed_rows,not_run,unobserved
tests/test_mast_evidence.py::test_derived_fields_must_bound_the_value_and_state_assumptions[fitted],not_run,unobserved
tests/test_mast_evidence.py::test_derived_fields_must_bound_the_value_and_state_assumptions[generated],not_run,unobserved
tests/test_mast_evidence.py::test_interval_must_be_ordered_finite_and_carry_a_unit,not_run,unobserved
tests/test_mast_evidence.py::test_ledger_accepts_one_field_changing_state_between_shot_ranges,not_run,unobserved
tests/test_mast_evidence.py::test_ledger_ordering_and_digest_are_independent_of_input_order,not_run,unobserved
tests/test_mast_evidence.py::test_ledger_rejects_two_states_for_one_field_over_the_same_shots,not_run,unobserved
tests/test_mast_evidence.py::test_ledger_round_trips_through_canonical_json,not_run,unobserved
tests/test_mast_evidence.py::test_measured_and_published_fields_must_cite_a_source[measured],not_run,unobserved
tests/test_mast_evidence.py::test_measured_and_published_fields_must_cite_a_source[published],not_run,unobserved
tests/test_mast_evidence.py::test_only_an_unresolved_field_can_block_the_forward_model,not_run,unobserved
tests/test_mast_evidence.py::test_shot_support_must_be_a_real_interval,not_run,unobserved
tests/test_mast_evidence.py::test_unresolved_field_states_what_is_missing_and_bounds_nothing,not_run,unobserved
tests/test_mast_flux_loop_adjudication.py::test_a_candidate_scored_on_no_unseen_shot_is_not_decided,not_run,unobserved
tests/test_mast_flux_loop_adjudication.py::test_a_channel_with_no_measured_scatter_is_never_called_separable,not_run,unobserved
tests/test_mast_flux_loop_adjudication.py::test_a_complementary_sensor_row_recovers_the_missing_current_direction,not_run,unobserved
tests/test_mast_flux_loop_adjudication.py::test_a_component_without_a_cross_section_cannot_be_coupled,not_run,unobserved
tests/test_mast_flux_loop_adjudication.py::test_a_fit_that_wins_in_and_out_of_sample_promotes,not_run,unobserved
tests/test_mast_flux_loop_adjudication.py::test_a_loop_the_description_does_not_carry_is_its_own_disposition,not_run,unobserved
tests/test_mast_flux_loop_adjudication.py::test_a_pair_thirty_microns_from_reflecting_is_two_measurements,not_run,unobserved
tests/test_mast_flux_loop_adjudication.py::test_a_separable_loop_with_no_fit_stays_dual_valued,not_run,unobserved
tests/test_mast_flux_loop_adjudication.py::test_a_winner_that_changes_out_of_sample_is_not_a_winner,not_run,unobserved
tests/test_mast_flux_loop_adjudication.py::test_admitted_loop_response_keeps_every_target_row,not_run,unobserved
tests/test_mast_flux_loop_adjudication.py::test_an_admitted_loop_without_a_noise_floor_is_refused,not_run,unobserved
tests/test_mast_flux_loop_adjudication.py::test_an_advantage_below_the_margin_decides_nothing,not_run,unobserved
tests/test_mast_flux_loop_adjudication.py::test_an_unseparable_displacement_is_reported_as_bounded,not_run,unobserved
tests/test_mast_flux_loop_adjudication.py::test_current_space_rank_uses_the_measured_spectral_cliff,not_run,unobserved
tests/test_mast_flux_loop_adjudication.py::test_every_described_loop_has_a_unique_position,not_run,unobserved
tests/test_mast_flux_loop_adjudication.py::test_loops_the_sources_agree_on_need_no_decision,not_run,unobserved
tests/test_mast_flux_loop_adjudication.py::test_moving_a_loop_changes_the_flux_it_links,not_run,unobserved
tests/test_mast_flux_loop_adjudication.py::test_only_as_published_verdicts_enter_the_loop_inversion,not_run,unobserved
tests/test_mast_flux_loop_adjudication.py::test_pooling_keeps_the_two_candidates_apart,not_run,unobserved
tests/test_mast_flux_loop_adjudication.py::test_reflection_is_a_property_some_families_have_and_others_do_not,not_run,unobserved
tests/test_mast_flux_loop_adjudication.py::test_the_ledger_counts_every_disposition,not_run,unobserved
tests/test_mast_flux_loop_adjudication.py::test_the_ledger_names_the_described_loops_no_channel_reaches,not_run,unobserved
tests/test_mast_flux_loop_adjudication.py::test_the_ledger_record_round_trips_through_json,not_run,unobserved
tests/test_mast_flux_loop_adjudication.py::test_the_ledger_reports_which_source_each_promotion_chose,not_run,unobserved
tests/test_mast_flux_loop_adjudication.py::test_the_reconstruction_can_win_too,not_run,unobserved
tests/test_mast_flux_loop_adjudication.py::test_the_resolved_join_is_a_bijection_over_the_channel_blocks,not_run,unobserved
tests/test_mast_flux_loop_adjudication.py::test_too_little_held_out_coverage_decides_nothing,not_run,unobserved
tests/test_mast_flux_loop_gains.py::test_a_channel_apart_from_the_set_is_the_one_the_departure_names,not_run,unobserved
tests/test_mast_flux_loop_gains.py::test_a_channel_recorded_at_two_settings_has_no_single_gain,not_run,unobserved
tests/test_mast_flux_loop_gains.py::test_a_channel_too_few_shots_measured_is_not_read_at_all,not_run,unobserved
tests/test_mast_flux_loop_gains.py::test_a_channel_with_no_admissible_shot_is_absent_rather_than_zero,not_run,unobserved
tests/test_mast_flux_loop_gains.py::test_a_departure_both_routes_see_is_promoted,not_run,unobserved
tests/test_mast_flux_loop_gains.py::test_a_departure_only_this_route_sees_is_not_a_channel_state,not_run,unobserved
tests/test_mast_flux_loop_gains.py::test_a_gain_that_scatters_past_its_own_bound_is_excluded,not_run,unobserved
tests/test_mast_flux_loop_gains.py::test_a_gain_the_description_already_reproduces_needs_no_correction,not_run,unobserved
tests/test_mast_flux_loop_gains.py::test_a_loop_and_a_probe_column_share_one_coil_model,not_run,unobserved
tests/test_mast_flux_loop_gains.py::test_a_loop_column_is_the_kernel_flux_and_carries_no_orientation,not_run,unobserved
tests/test_mast_flux_loop_gains.py::test_a_loop_on_the_axis_is_refused_rather_than_evaluated,not_run,unobserved
tests/test_mast_flux_loop_gains.py::test_a_loop_reads_the_flux_the_description_predicts[14070],not_run,unobserved
tests/test_mast_flux_loop_gains.py::test_a_loop_reads_the_flux_the_description_predicts[14084],not_run,unobserved
tests/test_mast_flux_loop_gains.py::test_a_loop_reads_the_flux_the_description_predicts[14098],not_run,unobserved
tests/test_mast_flux_loop_gains.py::test_a_loop_reads_the_flux_the_description_predicts[14099],not_run,unobserved
tests/test_mast_flux_loop_gains.py::test_a_refused_channel_is_still_measurable_at_its_own_position,not_run,unobserved
tests/test_mast_flux_loop_gains.py::test_a_served_channel_is_read_at_the_described_loop,not_run,unobserved
tests/test_mast_flux_loop_gains.py::test_a_shot_whose_prediction_has_the_wrong_shape_does_not_vote,not_run,unobserved
tests/test_mast_flux_loop_gains.py::test_an_unmeasured_archive_ratio_never_corroborates,not_run,unobserved
tests/test_mast_flux_loop_gains.py::test_the_archive_forward_prediction_reads_the_same_channels[14098],not_run,unobserved
tests/test_mast_flux_loop_gains.py::test_the_archive_forward_prediction_reads_the_same_channels[14099],not_run,unobserved
tests/test_mast_flux_loop_gains.py::test_the_bound_is_the_shots_own_disagreement,not_run,unobserved
tests/test_mast_flux_loop_gains.py::test_the_restored_positions_are_what_the_measurement_prefers,not_run,unobserved
tests/test_mast_flux_loop_gains.py::test_the_route_agreement_is_what_separates_the_two_predictions,not_run,unobserved
tests/test_mast_flux_loop_gains.py::test_what_every_loop_shares_is_not_any_loop_s_own_gain,not_run,unobserved
tests/test_mast_flux_loop_positions.py::test_a_block_whose_replacement_is_unique_is_restored,not_run,unobserved
tests/test_mast_flux_loop_positions.py::test_a_block_with_more_free_rows_than_members_stays_as_published,not_run,unobserved
tests/test_mast_flux_loop_positions.py::test_a_block_with_no_free_reconstruction_row_stays_as_published,not_run,unobserved
tests/test_mast_flux_loop_positions.py::test_a_catalog_with_no_active_component_places_nothing_by_proximity,not_run,unobserved
tests/test_mast_flux_loop_positions.py::test_a_coil_set_gathers_the_packs_a_loop_encircles[p2_inner_upper-p2_upper],not_run,unobserved
tests/test_mast_flux_loop_positions.py::test_a_coil_set_gathers_the_packs_a_loop_encircles[p2_outer_lower-p2_lower],not_run,unobserved
tests/test_mast_flux_loop_positions.py::test_a_coil_set_gathers_the_packs_a_loop_encircles[p4_lower-p4_lower],not_run,unobserved
tests/test_mast_flux_loop_positions.py::test_a_coil_set_gathers_the_packs_a_loop_encircles[sol-sol],not_run,unobserved
tests/test_mast_flux_loop_positions.py::test_a_loop_name_names_the_coil_it_is_mounted_on[FL_CC01-sol],not_run,unobserved
tests/test_mast_flux_loop_positions.py::test_a_loop_name_names_the_coil_it_is_mounted_on[FL_CC010-sol],not_run,unobserved
tests/test_mast_flux_loop_positions.py::test_a_loop_name_names_the_coil_it_is_mounted_on[FL_P2U_3-p2_upper],not_run,unobserved
tests/test_mast_flux_loop_positions.py::test_a_loop_name_names_the_coil_it_is_mounted_on[FL_P4L_1-p4_lower],not_run,unobserved
tests/test_mast_flux_loop_positions.py::test_a_loop_name_names_the_coil_it_is_mounted_on[FL_P6L_2-p6_lower],not_run,unobserved
tests/test_mast_flux_loop_positions.py::test_a_placement_reports_the_mounting_the_published_position_had,not_run,unobserved
tests/test_mast_flux_loop_positions.py::test_a_row_a_correctly_mounted_loop_already_sits_on_is_not_reused,not_run,unobserved
tests/test_mast_flux_loop_positions.py::test_an_unreadable_loop_name_is_refused_rather_than_left_unmounted,not_run,unobserved
tests/test_mast_flux_loop_positions.py::test_every_other_loop_is_served_exactly_as_the_catalog_published_it[11766],not_run,unobserved
tests/test_mast_flux_loop_positions.py::test_every_other_loop_is_served_exactly_as_the_catalog_published_it[15656],not_run,unobserved
tests/test_mast_flux_loop_positions.py::test_every_other_loop_is_served_exactly_as_the_catalog_published_it[20019],not_run,unobserved
tests/test_mast_flux_loop_positions.py::test_every_other_loop_is_served_exactly_as_the_catalog_published_it[24037],not_run,unobserved
tests/test_mast_flux_loop_positions.py::test_every_other_loop_is_served_exactly_as_the_catalog_published_it[27773],not_run,unobserved
tests/test_mast_flux_loop_positions.py::test_every_other_loop_is_served_exactly_as_the_catalog_published_it[28770],not_run,unobserved
tests/test_mast_flux_loop_positions.py::test_every_refused_channel_names_the_condition_that_refused_it,not_run,unobserved
tests/test_mast_flux_loop_positions.py::test_no_channel_claims_a_described_loop_another_channel_holds,not_run,unobserved
tests/test_mast_flux_loop_positions.py::test_only_the_copied_block_sits_beside_the_wrong_coil[11766],not_run,unobserved
tests/test_mast_flux_loop_positions.py::test_only_the_copied_block_sits_beside_the_wrong_coil[15656],not_run,unobserved
tests/test_mast_flux_loop_positions.py::test_only_the_copied_block_sits_beside_the_wrong_coil[20019],not_run,unobserved
tests/test_mast_flux_loop_positions.py::test_only_the_copied_block_sits_beside_the_wrong_coil[24037],not_run,unobserved
tests/test_mast_flux_loop_positions.py::test_only_the_copied_block_sits_beside_the_wrong_coil[27773],not_run,unobserved
tests/test_mast_flux_loop_positions.py::test_only_the_copied_block_sits_beside_the_wrong_coil[28770],not_run,unobserved
tests/test_mast_flux_loop_positions.py::test_the_copied_block_is_restored_to_the_coil_it_is_named_for[11766],not_run,unobserved
tests/test_mast_flux_loop_positions.py::test_the_copied_block_is_restored_to_the_coil_it_is_named_for[15656],not_run,unobserved
tests/test_mast_flux_loop_positions.py::test_the_copied_block_is_restored_to_the_coil_it_is_named_for[20019],not_run,unobserved
tests/test_mast_flux_loop_positions.py::test_the_copied_block_is_restored_to_the_coil_it_is_named_for[24037],not_run,unobserved
tests/test_mast_flux_loop_positions.py::test_the_copied_block_is_restored_to_the_coil_it_is_named_for[27773],not_run,unobserved
tests/test_mast_flux_loop_positions.py::test_the_copied_block_is_restored_to_the_coil_it_is_named_for[28770],not_run,unobserved
tests/test_mast_flux_loop_positions.py::test_the_join_serves_every_channel_the_description_has_a_loop_for,not_run,unobserved
tests/test_mast_flux_loop_positions.py::test_the_repair_removes_the_duplicated_described_positions,not_run,unobserved
tests/test_mast_flux_loop_positions.py::test_the_repaired_block_is_what_the_join_gained,not_run,unobserved
tests/test_mast_flux_loop_positions.py::test_the_restored_snapshot_reproduces_the_packaged_registry,not_run,unobserved
tests/test_mast_misfit_harmonics.py::test_a_coupling_bank_is_read_into_one_group,not_run,unobserved
tests/test_mast_misfit_harmonics.py::test_a_fit_reports_the_coil_columns_own_reach,not_run,unobserved
tests/test_mast_misfit_harmonics.py::test_a_fixed_path_keeps_its_supply_and_return_currents_tied,not_run,unobserved
tests/test_mast_misfit_harmonics.py::test_a_flux_class_needs_no_sensitive_axis,not_run,unobserved
tests/test_mast_misfit_harmonics.py::test_a_raw_source_fit_keeps_described_currents_free,not_run,unobserved
tests/test_mast_misfit_harmonics.py::test_a_read_outside_the_array_stops_the_iteration,not_run,unobserved
tests/test_mast_misfit_harmonics.py::test_a_ring_source_column_reads_field_and_flux_in_their_own_units,not_run,unobserved
tests/test_mast_misfit_harmonics.py::test_a_smooth_misfit_does_not_buy_the_highest_degree_offered,not_run,unobserved
tests/test_mast_misfit_harmonics.py::test_a_source_fit_reports_current_and_supply_multiple,not_run,unobserved
tests/test_mast_misfit_harmonics.py::test_a_summed_pair_rejects_odd_modes_and_keeps_even_leakage,not_run,unobserved
tests/test_mast_misfit_harmonics.py::test_an_expansion_is_scored_against_silence_on_rows_it_never_saw,not_run,unobserved
tests/test_mast_misfit_harmonics.py::test_assemble_carries_both_sensor_classes_in_their_own_units,not_run,unobserved
tests/test_mast_misfit_harmonics.py::test_assemble_drops_an_excluded_channel,not_run,unobserved
tests/test_mast_misfit_harmonics.py::test_assemble_refuses_a_channel_with_too_few_shots,not_run,unobserved
tests/test_mast_misfit_harmonics.py::test_assemble_refuses_a_group_no_channel_survives,not_run,unobserved
tests/test_mast_misfit_harmonics.py::test_both_bands_are_fitted_and_scored_across,not_run,unobserved
tests/test_mast_misfit_harmonics.py::test_each_row_reads_the_functional_its_class_measures,not_run,unobserved
tests/test_mast_misfit_harmonics.py::test_greedy_filament_models_recover_a_two_ring_target,not_run,unobserved
tests/test_mast_misfit_harmonics.py::test_pooling_floors_the_error_at_the_instrument_contribution,not_run,unobserved
tests/test_mast_misfit_harmonics.py::test_pooling_ignores_a_shot_that_did_not_serve_a_channel,not_run,unobserved
tests/test_mast_misfit_harmonics.py::test_pooling_takes_the_median_and_its_robust_standard_error,not_run,unobserved
tests/test_mast_misfit_harmonics.py::test_resampling_bands_come_from_the_shots,not_run,unobserved
tests/test_mast_misfit_harmonics.py::test_resampling_refuses_a_group_of_one_shot,not_run,unobserved
tests/test_mast_misfit_harmonics.py::test_selecting_no_row_raises,not_run,unobserved
tests/test_mast_misfit_harmonics.py::test_selecting_rows_keeps_the_per_shot_sample_aligned,not_run,unobserved
tests/test_mast_misfit_harmonics.py::test_sensor_class_rejects_a_coupling_of_the_wrong_width,not_run,unobserved
tests/test_mast_misfit_harmonics.py::test_sensor_class_rejects_a_pose_of_the_wrong_length,not_run,unobserved
tests/test_mast_misfit_harmonics.py::test_the_bands_split_the_array_at_the_centre_column,not_run,unobserved
tests/test_mast_misfit_harmonics.py::test_the_degree_is_chosen_on_channels_the_fold_did_not_fit,not_run,unobserved
tests/test_mast_misfit_harmonics.py::test_the_family_contrast_favours_a_circle_placed_on_the_source,not_run,unobserved
tests/test_mast_misfit_harmonics.py::test_the_family_slice_addresses_one_side_of_a_two_family_fit,not_run,unobserved
tests/test_mast_misfit_harmonics.py::test_the_flux_map_reproduces_the_filament_it_was_fitted_to,not_run,unobserved
tests/test_mast_misfit_harmonics.py::test_the_focus_scan_peaks_at_the_source,not_run,unobserved
tests/test_mast_misfit_harmonics.py::test_the_iterated_focus_settles_on_the_source,not_run,unobserved
tests/test_mast_misfit_harmonics.py::test_the_joint_fit_recovers_the_coil_currents_it_was_not_told,not_run,unobserved
tests/test_mast_misfit_harmonics.py::test_the_joint_fit_recovers_the_source_the_coil_columns_hide,not_run,unobserved
tests/test_mast_misfit_harmonics.py::test_the_projected_fit_is_not_the_joint_fit_by_another_route,not_run,unobserved
tests/test_mast_misfit_harmonics.py::test_the_projected_fit_leaves_no_coil_span_in_its_residual,not_run,unobserved
tests/test_mast_misfit_harmonics.py::test_the_supported_mask_is_the_range_the_sensors_bracket,not_run,unobserved
tests/test_mast_passive_calibration.py::TestDriveResponse::test_every_family_reaches_every_channel,not_run,unobserved
tests/test_mast_passive_calibration.py::TestPromotionContract::test_a_resistivity_above_the_material_interval_is_flagged_not_refused,not_run,unobserved
tests/test_mast_passive_calibration.py::TestPromotionContract::test_a_resistivity_below_the_material_interval_is_refused,not_run,unobserved
tests/test_mast_passive_calibration.py::TestPromotionContract::test_a_value_meeting_every_test_is_promoted,not_run,unobserved
tests/test_mast_passive_calibration.py::TestPromotionContract::test_a_value_that_does_not_generalise_is_refused,not_run,unobserved
tests/test_mast_passive_calibration.py::TestPromotionContract::test_an_unidentified_value_is_refused,not_run,unobserved
tests/test_mast_passive_calibration.py::TestPromotionContract::test_an_unstable_value_is_refused,not_run,unobserved
tests/test_mast_passive_calibration.py::TestPromotionContract::test_the_interval_is_the_union_of_both_widths,not_run,unobserved
tests/test_mast_passive_calibration.py::TestSplit::test_a_mixed_excitation_reports_no_single_coil,not_run,unobserved
tests/test_mast_passive_calibration.py::TestSplit::test_the_binding_held_out_shots_are_honoured,not_run,unobserved
tests/test_mast_passive_calibration.py::TestSplit::test_the_coil_takes_precedence_over_the_shot_split,not_run,unobserved
tests/test_mast_passive_calibration.py::TestSplit::test_the_held_out_coil_never_reaches_training,not_run,unobserved
tests/test_mast_passive_calibration.py::TestTransientCache::test_the_round_trip_keeps_the_drive_columns,not_run,unobserved
tests/test_mast_passive_calibration.py::TestTransientCache::test_the_round_trip_keeps_the_signal_and_its_noise,not_run,unobserved
tests/test_mast_passive_decay_modes.py::TestFit::test_a_class_is_recovered_as_precisely_as_the_probes_see_it,not_run,unobserved
tests/test_mast_passive_decay_modes.py::TestFit::test_a_decay_buried_in_noise_profiles_open,not_run,unobserved
tests/test_mast_passive_decay_modes.py::TestFit::test_a_populated_class_profiles_to_a_closed_interval,not_run,unobserved
tests/test_mast_passive_decay_modes.py::TestFit::test_a_starting_point_does_not_change_where_the_fit_lands,not_run,unobserved
tests/test_mast_passive_decay_modes.py::TestFit::test_an_empty_transient_set_is_refused,not_run,unobserved
tests/test_mast_passive_decay_modes.py::TestFit::test_dropping_a_shot_does_not_move_an_identified_class,not_run,unobserved
tests/test_mast_passive_decay_modes.py::TestFit::test_the_fit_improves_on_the_nominal_model,not_run,unobserved
tests/test_mast_passive_decay_modes.py::TestFit::test_the_fit_recovers_the_planted_multipliers,not_run,unobserved
tests/test_mast_passive_decay_modes.py::TestFit::test_the_fitted_model_predicts_a_decay_it_never_saw,not_run,unobserved
tests/test_mast_passive_decay_modes.py::TestModeSet::test_a_mismatched_multiplier_length_is_refused,not_run,unobserved
tests/test_mast_passive_decay_modes.py::TestModeSet::test_a_non_positive_multiplier_is_refused,not_run,unobserved
tests/test_mast_passive_decay_modes.py::TestModeSet::test_every_mode_decays,not_run,unobserved
tests/test_mast_passive_decay_modes.py::TestModeSet::test_no_resolvable_mode_is_an_error_not_an_empty_fit,not_run,unobserved
tests/test_mast_passive_decay_modes.py::TestModeSet::test_raising_resistance_shortens_every_time_constant,not_run,unobserved
tests/test_mast_passive_decay_modes.py::TestModeSet::test_the_modes_are_ordered_slowest_first,not_run,unobserved
tests/test_mast_passive_decay_modes.py::TestModeSet::test_the_resolvable_band_excludes_both_extremes,not_run,unobserved
tests/test_mast_passive_decay_modes.py::TestReconstruction::test_a_wrong_model_leaves_residual,not_run,unobserved
tests/test_mast_passive_decay_modes.py::TestReconstruction::test_an_unposed_channel_is_refused,not_run,unobserved
tests/test_mast_passive_decay_modes.py::TestReconstruction::test_the_true_model_explains_a_clean_decay,not_run,unobserved
tests/test_mast_passive_decay_modes.py::TestResistivityClasses::test_an_undistinguished_family_falls_to_the_vessel,not_run,unobserved
tests/test_mast_passive_decay_modes.py::TestResistivityClasses::test_classes_expand_onto_one_multiplier_per_circuit,not_run,unobserved
tests/test_mast_passive_decay_modes.py::TestResistivityClasses::test_only_the_populated_classes_are_carried,not_run,unobserved
tests/test_mast_passive_decay_modes.py::TestResistivityClasses::test_the_named_families_carry_their_own_class,not_run,unobserved
tests/test_mast_passive_decay_modes.py::TestTransientReading::test_a_channel_with_no_samples_is_dropped,not_run,unobserved
tests/test_mast_passive_decay_modes.py::TestTransientReading::test_a_drive_that_never_stops_opens_no_window,not_run,unobserved
tests/test_mast_passive_decay_modes.py::TestTransientReading::test_a_reconstruction_separates_the_modes_from_the_drive,not_run,unobserved
tests/test_mast_passive_decay_modes.py::TestTransientReading::test_a_refused_channel_never_enters_the_pattern,not_run,unobserved
tests/test_mast_passive_decay_modes.py::TestTransientReading::test_a_shot_that_drove_nothing_is_refused,not_run,unobserved
tests/test_mast_passive_decay_modes.py::TestTransientReading::test_a_steady_drive_earns_no_column,not_run,unobserved
tests/test_mast_passive_decay_modes.py::TestTransientReading::test_a_still_ramping_drive_is_visible_in_the_residual,not_run,unobserved
tests/test_mast_passive_decay_modes.py::TestTransientReading::test_the_drive_share_measures_what_the_coil_explains,not_run,unobserved
tests/test_mast_passive_decay_modes.py::TestTransientReading::test_the_noise_floor_is_measured_per_channel,not_run,unobserved
tests/test_mast_passive_decay_modes.py::TestTransientReading::test_the_record_reports_what_it_read,not_run,unobserved
tests/test_mast_passive_decay_modes.py::TestTransientReading::test_the_residual_drive_is_carried_as_a_modelled_column,not_run,unobserved
tests/test_mast_passive_decay_modes.py::TestTransientReading::test_the_standing_offset_is_removed,not_run,unobserved
tests/test_mast_passive_decay_modes.py::TestTransientReading::test_the_window_opens_after_the_switch_off,not_run,unobserved
tests/test_mast_passive_decay_modes.py::TestTransientReading::test_too_few_channels_is_refused,not_run,unobserved
tests/test_mast_passive_inductance.py::TestLinkage::test_a_compact_section_reaches_the_thin_ring_limit,not_run,unobserved
tests/test_mast_passive_inductance.py::TestLinkage::test_a_finite_section_self_term_is_below_the_filament_limit,not_run,unobserved
tests/test_mast_passive_inductance.py::TestLinkage::test_a_self_term_dominates_its_own_row,not_run,unobserved
tests/test_mast_passive_inductance.py::TestLinkage::test_a_small_section_reproduces_the_coaxial_mutual,not_run,unobserved
tests/test_mast_passive_inductance.py::TestLinkage::test_a_tall_thin_shell_reaches_the_long_solenoid_limit,not_run,unobserved
tests/test_mast_passive_inductance.py::TestLinkage::test_an_axially_separated_mutual_matches_too,not_run,unobserved
tests/test_mast_passive_inductance.py::TestLinkage::test_reciprocity_residual_is_reported_and_small,not_run,unobserved
tests/test_mast_passive_inductance.py::TestLinkage::test_the_matrix_is_symmetric_and_positive_definite,not_run,unobserved
tests/test_mast_passive_inductance.py::TestLinkage::test_the_names_and_point_counts_travel_with_the_matrix,not_run,unobserved
tests/test_mast_passive_inductance.py::TestNominalResistance::test_a_thinner_section_carries_more_resistance,not_run,unobserved
tests/test_mast_passive_inductance.py::TestNominalResistance::test_resistance_is_resistivity_over_the_measured_section,not_run,unobserved
tests/test_mast_passive_inductance.py::TestProbeCoupling::test_each_probe_reads_the_axis_it_is_posed_along,not_run,unobserved
tests/test_mast_passive_inductance.py::TestProbeCoupling::test_the_field_falls_off_with_distance,not_run,unobserved
tests/test_mast_passive_inductance.py::TestRegistryCircuits::test_every_case_plate_names_the_coil_it_encloses,not_run,unobserved
tests/test_mast_passive_inductance.py::TestRegistryCircuits::test_every_circuit_admits_a_quadrature,not_run,unobserved
tests/test_mast_passive_inductance.py::TestRegistryCircuits::test_every_circuit_has_a_positive_nominal_resistance,not_run,unobserved
tests/test_mast_passive_inductance.py::TestRegistryCircuits::test_one_circuit_per_disjoint_section,not_run,unobserved
tests/test_mast_passive_inductance.py::TestRegistryCircuits::test_the_corrected_cases_carry_both_p6_groups,not_run,unobserved
tests/test_mast_passive_inductance.py::TestRegistryCircuits::test_the_unsourced_material_family_is_named,not_run,unobserved
tests/test_mast_passive_inductance.py::TestSectionGeometry::test_a_degenerate_outline_is_refused,not_run,unobserved
tests/test_mast_passive_inductance.py::TestSectionGeometry::test_centroid_and_area_come_from_the_outline,not_run,unobserved
tests/test_mast_passive_inductance.py::TestSectionGeometry::test_thickness_of_a_square_is_half_its_side,not_run,unobserved
tests/test_mast_passive_inductance.py::TestSectionGeometry::test_thickness_of_a_strip_is_its_width,not_run,unobserved
tests/test_mast_passive_inductance.py::TestSectionQuadrature::test_a_sliver_the_grid_misses_still_gets_a_point_inside_it,not_run,unobserved
tests/test_mast_passive_inductance.py::TestSectionQuadrature::test_a_thin_wall_is_resolved_across_its_thickness,not_run,unobserved
tests/test_mast_passive_inductance.py::TestSectionQuadrature::test_every_point_lies_inside_the_outline,not_run,unobserved
tests/test_mast_passive_inductance.py::TestSectionQuadrature::test_the_grid_owns_every_point_back_to_its_circuit,not_run,unobserved
tests/test_mast_passive_inductance.py::TestSectionQuadrature::test_the_point_target_coarsens_a_long_shell,not_run,unobserved
tests/test_mast_passive_inductance.py::TestSectionQuadrature::test_weights_are_a_section_mean,not_run,unobserved
tests/test_mast_probe_calibration.py::test_a_channel_without_a_measured_floor_is_left_unjudged,not_run,unobserved
tests/test_mast_probe_calibration.py::test_a_coil_that_does_not_dominate_returns_no_gain,not_run,unobserved
tests/test_mast_probe_calibration.py::test_a_correction_that_fits_its_own_shots_must_still_predict,not_run,unobserved
tests/test_mast_probe_calibration.py::test_a_family_measured_on_too_few_shots_is_not_counted,not_run,unobserved
tests/test_mast_probe_calibration.py::test_a_probe_reading_high_returns_its_own_scale,not_run,unobserved
tests/test_mast_probe_calibration.py::test_a_probe_with_no_held_out_coverage_is_not_promoted,not_run,unobserved
tests/test_mast_probe_calibration.py::test_a_probe_with_no_orthogonal_partner_is_never_a_calibration_item,not_run,unobserved
tests/test_mast_probe_calibration.py::test_a_rotated_probe_is_recovered_from_its_neighbour_and_not_the_model,not_run,unobserved
tests/test_mast_probe_calibration.py::test_every_outboard_probe_but_one_pair_finds_its_orthogonal_twin,not_run,unobserved
tests/test_mast_probe_calibration.py::test_one_coil_misrepresented_at_one_probe_is_excitation_selective,not_run,unobserved
tests/test_mast_probe_calibration.py::test_pairing_survives_a_renumbering,not_run,unobserved
tests/test_mast_probe_calibration.py::test_the_criterion_separates_the_two_planted_causes,not_run,unobserved
tests/test_mast_probe_calibration.py::test_the_record_round_trips_through_json,not_run,unobserved
tests/test_mast_probe_calibration.py::test_the_standard_error_is_the_scatter_across_shots,not_run,unobserved
tests/test_mast_probe_calibration.py::test_the_standoff_boundary_matches_the_turn_fit,not_run,unobserved
tests/test_mast_probe_calibration.py::test_verdict_counts_name_every_verdict,not_run,unobserved
tests/test_mast_probe_discriminant.py::test_a_channel_without_a_measured_floor_cannot_be_judged,not_run,unobserved
tests/test_mast_probe_discriminant.py::test_a_gain_indistinguishable_from_one_promotes_nothing,not_run,unobserved
tests/test_mast_probe_discriminant.py::test_a_gain_that_depends_on_the_driving_coil_is_geometry,not_run,unobserved
tests/test_mast_probe_discriminant.py::test_a_residual_explained_by_the_co_located_channel_is_a_tilt,not_run,unobserved
tests/test_mast_probe_discriminant.py::test_a_stable_coefficient_above_the_noise_floor_explains_nothing,not_run,unobserved
tests/test_mast_probe_discriminant.py::test_an_angle_too_large_to_be_a_mounting_error_is_refused,not_run,unobserved
tests/test_mast_probe_discriminant.py::test_every_verdict_names_a_hypothesis_or_declines_to,not_run,unobserved
tests/test_mast_probe_discriminant.py::test_one_gain_across_families_is_a_probe_area_error,not_run,unobserved
tests/test_mast_probe_discriminant.py::test_selectivity_outranks_a_clean_rigid_fit,not_run,unobserved
tests/test_mast_probe_discriminant.py::test_spread_significance_is_the_boundary_it_claims_to_be,not_run,unobserved
tests/test_mast_probe_discriminant.py::test_statistics_are_canonically_serializable,not_run,unobserved
tests/test_mast_probe_discriminant.py::test_statistics_reject_negative_scatter,not_run,unobserved
tests/test_mast_probe_discriminant.py::test_the_pre_registration_detects_a_moved_threshold,not_run,unobserved
tests/test_mast_probe_discriminant.py::test_the_pre_registration_serializes_byte_stably,not_run,unobserved
tests/test_mast_probe_discriminant.py::test_too_few_families_cannot_be_judged_either_way,not_run,unobserved
tests/test_mast_provisional_ids.py::test_artifact_shot_ranges_carry_registry_evidence,not_run,unobserved
tests/test_mast_provisional_ids.py::test_documented_circuit_grouping_reaches_the_dictionary,not_run,unobserved
tests/test_mast_provisional_ids.py::test_every_passive_section_carries_one_toroidal_turn,not_run,unobserved
tests/test_mast_provisional_ids.py::test_material_seed_reaches_only_the_families_a_source_supports,not_run,unobserved
tests/test_mast_provisional_ids.py::test_measured_geometry_survives_the_round_trip,not_run,unobserved
tests/test_mast_provisional_ids.py::test_published_revision_verifies_but_is_not_operator_ready,not_run,unobserved
tests/test_mast_provisional_ids.py::test_representation_only_seeds_do_not_move_physical_identity,not_run,unobserved
tests/test_mast_provisional_ids.py::test_republishing_reproduces_the_semantics_not_the_container,not_run,unobserved
tests/test_mast_provisional_ids.py::test_seeded_set_validates_and_reopens_at_the_pinned_dictionary,not_run,unobserved
tests/test_mast_provisional_ids.py::test_seeding_leaves_the_physical_configuration_identical,not_run,unobserved
tests/test_mast_provisional_ids.py::test_unresolved_diagnostic_pose_is_written_nowhere,not_run,unobserved
tests/test_mast_provisional_ids.py::test_unresolved_electrical_semantics_are_written_nowhere,not_run,unobserved
tests/test_mast_registry_reproduction.py::test_the_packaged_registry_is_byte_for_byte_reproducible,not_run,unobserved
tests/test_mast_registry_reproduction.py::test_the_reader_rebuilds_the_packaged_geometry,not_run,unobserved
tests/test_mast_registry_reproduction.py::test_the_reader_rebuilds_the_packaged_identity,not_run,unobserved
tests/test_mast_registry_reproduction.py::test_the_representative_shot_is_the_one_the_registry_names,not_run,unobserved
tests/test_mast_seed_parameters.py::test_an_ambiguous_conductor_family_gets_no_material,not_run,unobserved
tests/test_mast_seed_parameters.py::test_citations_record_whether_the_wording_was_read,not_run,unobserved
tests/test_mast_seed_parameters.py::test_discrete_choices_keep_both_candidates,not_run,unobserved
tests/test_mast_seed_parameters.py::test_documented_circuits_cover_every_active_family,not_run,unobserved
tests/test_mast_seed_parameters.py::test_every_citation_describes_the_original_machine,not_run,unobserved
tests/test_mast_seed_parameters.py::test_inconel_is_more_resistive_than_stainless_with_disjoint_intervals,not_run,unobserved
tests/test_mast_seed_parameters.py::test_loop_resistance_is_resistivity_times_path_length_over_section,not_run,unobserved
tests/test_mast_seed_parameters.py::test_material_is_named_by_a_source_or_assigned_by_association,not_run,unobserved
tests/test_mast_seed_parameters.py::test_only_connected_sections_get_a_seeded_resistance,not_run,unobserved
tests/test_mast_seed_parameters.py::test_proposed_standard_names_point_at_real_dictionary_paths,not_run,unobserved
tests/test_mast_seed_parameters.py::test_section_measurement_rejects_a_degenerate_loop,not_run,unobserved
tests/test_mast_seed_parameters.py::test_seeded_ledger_states_every_field_it_touches,not_run,unobserved
tests/test_mast_seed_parameters.py::test_seeding_leaves_the_physical_identity_untouched,not_run,unobserved
tests/test_mast_seed_parameters.py::test_solenoid_turn_current_is_half_the_documented_feed_current,not_run,unobserved
tests/test_mast_seed_parameters.py::test_the_decay_calibration_records_its_negative_result,not_run,unobserved
tests/test_mast_seed_parameters.py::test_the_p2_packs_are_published_as_separately_fed,not_run,unobserved
tests/test_mast_seed_parameters.py::test_the_record_names_the_measurement_that_would_identify_a_resistance,not_run,unobserved
tests/test_mast_seed_parameters.py::test_the_supply_inventory_stays_unauthorable,not_run,unobserved
tests/test_mast_seed_parameters.py::test_toroidal_field_detail_is_absent_without_blocking_the_forward_model,not_run,unobserved
tests/test_mast_seed_parameters.py::test_turns_are_the_only_axisymmetric_forward_model_blocker,not_run,unobserved
tests/test_mast_solve_inputs.py::test_a_channel_off_its_own_clock_is_refused_rather_than_aligned,not_run,unobserved
tests/test_mast_solve_inputs.py::test_a_coil_publishing_two_channels_measures_its_own_turn_count,not_run,unobserved
tests/test_mast_solve_inputs.py::test_a_conductor_current_is_the_ampere_turns_over_the_turns,not_run,unobserved
tests/test_mast_solve_inputs.py::test_a_current_row_carries_the_source_convention_and_is_unscaled_by_it,not_run,unobserved
tests/test_mast_solve_inputs.py::test_a_loop_beyond_the_tolerance_is_a_gap_and_not_a_match,not_run,unobserved
tests/test_mast_solve_inputs.py::test_a_loop_channel_indexes_a_fixed_layout[fl_cc01-0],not_run,unobserved
tests/test_mast_solve_inputs.py::test_a_loop_channel_indexes_a_fixed_layout[fl_cc10-9],not_run,unobserved
tests/test_mast_solve_inputs.py::test_a_loop_channel_indexes_a_fixed_layout[fl_p2l_1-28],not_run,unobserved
tests/test_mast_solve_inputs.py::test_a_loop_channel_indexes_a_fixed_layout[fl_p2u_1-10],not_run,unobserved
tests/test_mast_solve_inputs.py::test_a_loop_channel_indexes_a_fixed_layout[fl_p3u_4-17],not_run,unobserved
tests/test_mast_solve_inputs.py::test_a_loop_channel_indexes_a_fixed_layout[fl_p4u_4-21],not_run,unobserved
tests/test_mast_solve_inputs.py::test_a_loop_channel_indexes_a_fixed_layout[fl_p5l_4-43],not_run,unobserved
tests/test_mast_solve_inputs.py::test_a_loop_channel_indexes_a_fixed_layout[fl_p6l_2-45],not_run,unobserved
tests/test_mast_solve_inputs.py::test_a_loop_channel_indexes_a_fixed_layout[fl_p6u_1-26],not_run,unobserved
tests/test_mast_solve_inputs.py::test_a_loop_channel_name_survives_being_parsed,not_run,unobserved
tests/test_mast_solve_inputs.py::test_a_loop_reaches_the_described_loop_it_sits_on,not_run,unobserved
tests/test_mast_solve_inputs.py::test_a_measured_loop_flux_carries_no_further_two_pi,not_run,unobserved
tests/test_mast_solve_inputs.py::test_a_pack_total_is_its_coil_plus_its_case_to_the_last_bit[13500],not_run,unobserved
tests/test_mast_solve_inputs.py::test_a_pack_total_is_its_coil_plus_its_case_to_the_last_bit[15000],not_run,unobserved
tests/test_mast_solve_inputs.py::test_a_pack_total_is_paired_with_the_two_terms_it_sums,not_run,unobserved
tests/test_mast_solve_inputs.py::test_a_pack_total_reaches_neither_term_by_a_fixed_factor,not_run,unobserved
tests/test_mast_solve_inputs.py::test_a_probe_channel_landing_on_another_family_is_refused,not_run,unobserved
tests/test_mast_solve_inputs.py::test_a_probe_field_is_untouched_by_the_conventions,not_run,unobserved
tests/test_mast_solve_inputs.py::test_a_recorded_shot_reports_a_dense_corrected_payload_per_slice,not_run,unobserved
tests/test_mast_solve_inputs.py::test_a_set_level_channel_names_the_conductors_it_spans,not_run,unobserved
tests/test_mast_solve_inputs.py::test_a_set_level_channel_names_the_rows_that_already_carry_it,not_run,unobserved
tests/test_mast_solve_inputs.py::test_a_set_total_is_its_two_packs_plus_its_case_to_the_last_bit[13500],not_run,unobserved
tests/test_mast_solve_inputs.py::test_a_set_total_is_its_two_packs_plus_its_case_to_the_last_bit[15000],not_run,unobserved
tests/test_mast_solve_inputs.py::test_a_set_without_a_measured_case_carries_no_pack_total_row,not_run,unobserved
tests/test_mast_solve_inputs.py::test_a_shot_round_trips_through_the_description[13500],not_run,unobserved
tests/test_mast_solve_inputs.py::test_a_shot_round_trips_through_the_description[15000],not_run,unobserved
tests/test_mast_solve_inputs.py::test_an_unrecognised_loop_channel_is_refused,not_run,unobserved
tests/test_mast_solve_inputs.py::test_an_unset_turn_count_blocks_a_channel_rather_than_defaulting_it,not_run,unobserved
tests/test_mast_solve_inputs.py::test_both_field_polarities_reach_the_description_unflipped,not_run,unobserved
tests/test_mast_solve_inputs.py::test_each_probe_channel_reads_the_sensor_it_is_mapped_to[13500],not_run,unobserved
tests/test_mast_solve_inputs.py::test_each_probe_channel_reads_the_sensor_it_is_mapped_to[15000],not_run,unobserved
tests/test_mast_solve_inputs.py::test_every_blocked_channel_states_an_unmet_condition,not_run,unobserved
tests/test_mast_solve_inputs.py::test_every_pack_total_names_the_two_channels_it_sums,not_run,unobserved
tests/test_mast_solve_inputs.py::test_the_description_leaves_exactly_one_coil_pair_unserved,not_run,unobserved
tests/test_mast_solve_inputs.py::test_the_direct_measurement_fills_the_dictionary_field,not_run,unobserved
tests/test_mast_solve_inputs.py::test_the_excitation_group_is_fully_accounted_for,not_run,unobserved
tests/test_mast_solve_inputs.py::test_the_loop_channel_blocks_account_for_every_reconstruction_loop,not_run,unobserved
tests/test_mast_solve_inputs.py::test_the_loop_channel_numbering_is_the_reconstruction_index[13500],not_run,unobserved
tests/test_mast_solve_inputs.py::test_the_loop_channel_numbering_is_the_reconstruction_index[15000],not_run,unobserved
tests/test_mast_solve_inputs.py::test_the_loop_flux_rows_serve_the_measured_total_flux,not_run,unobserved
tests/test_mast_solve_inputs.py::test_the_loop_join_is_a_property_of_the_configuration,not_run,unobserved
tests/test_mast_solve_inputs.py::test_the_measured_case_currents_share_one_dictionary_field,not_run,unobserved
tests/test_mast_solve_inputs.py::test_the_plasma_current_row_scales_the_unit_and_nothing_else,not_run,unobserved
tests/test_mast_solve_inputs.py::test_the_served_rows_cover_every_described_probe,not_run,unobserved
tests/test_mast_solve_inputs.py::test_the_shard_contract_carries_corrected_values_and_their_dispositions,not_run,unobserved
tests/test_mast_solve_inputs.py::test_the_toroidal_field_is_blocked_by_the_description_not_the_source,not_run,unobserved
tests/test_mast_solve_inputs.py::test_two_channels_never_claim_one_described_loop,not_run,unobserved
tests/test_mast_vacuum_refinement.py::test_a_clean_single_coil_shot_recovers_its_turn_count,not_run,unobserved
tests/test_mast_vacuum_refinement.py::test_a_group_without_a_section_is_refused,not_run,unobserved
tests/test_mast_vacuum_refinement.py::test_a_published_interval_is_never_narrower_than_its_disagreement,not_run,unobserved
tests/test_mast_vacuum_refinement.py::test_a_shot_without_a_baseline_window_is_refused,not_run,unobserved
tests/test_mast_vacuum_refinement.py::test_aggregate_reports_spread_across_shots,not_run,unobserved
tests/test_mast_vacuum_refinement.py::test_an_unseen_coil_is_refused_rather_than_fitted,not_run,unobserved
tests/test_mast_vacuum_refinement.py::test_an_up_down_pair_driven_together_still_separates,not_run,unobserved
tests/test_mast_vacuum_refinement.py::test_authored_turns_omit_the_coils_no_shot_could_see,not_run,unobserved
tests/test_mast_vacuum_refinement.py::test_axis_assignment_changes_the_predicted_component,not_run,unobserved
tests/test_mast_vacuum_refinement.py::test_case_grouping_is_up_down_symmetric,not_run,unobserved
tests/test_mast_vacuum_refinement.py::test_case_plates_group_onto_the_coil_set_they_enclose,not_run,unobserved
tests/test_mast_vacuum_refinement.py::test_case_side_folds_winding_packs_onto_one_case,not_run,unobserved
tests/test_mast_vacuum_refinement.py::test_each_coil_states_which_route_established_its_count,not_run,unobserved
tests/test_mast_vacuum_refinement.py::test_every_active_component_has_one_drive_channel,not_run,unobserved
tests/test_mast_vacuum_refinement.py::test_every_identified_coil_has_positive_polarity,not_run,unobserved
tests/test_mast_vacuum_refinement.py::test_fitted_evidence_is_a_valid_ledger,not_run,unobserved
tests/test_mast_vacuum_refinement.py::test_fitted_turns_predict_a_shot_they_were_not_fitted_on,not_run,unobserved
tests/test_mast_vacuum_refinement.py::test_idle_coils_do_not_label_a_shot,not_run,unobserved
tests/test_mast_vacuum_refinement.py::test_one_coil_disagrees_and_the_record_says_so,not_run,unobserved
tests/test_mast_vacuum_refinement.py::test_passive_coupling_covers_every_group,not_run,unobserved
tests/test_mast_vacuum_refinement.py::test_plasma_shots_are_refused_with_their_reason,not_run,unobserved
tests/test_mast_vacuum_refinement.py::test_polarity_is_recovered_with_the_turn_count,not_run,unobserved
tests/test_mast_vacuum_refinement.py::test_probe_blocks_join_in_channel_order,not_run,unobserved
tests/test_mast_vacuum_refinement.py::test_probes_inside_a_pack_are_never_admitted,not_run,unobserved
tests/test_mast_vacuum_refinement.py::test_refined_artifact_is_reproducible,not_run,unobserved
tests/test_mast_vacuum_refinement.py::test_refined_artifact_keeps_the_machine_it_describes,not_run,unobserved
tests/test_mast_vacuum_refinement.py::test_refined_ids_carry_the_fitted_turns_and_axis,not_run,unobserved
tests/test_mast_vacuum_refinement.py::test_refinement_narrows_the_forward_model_blockers,not_run,unobserved
tests/test_mast_vacuum_refinement.py::test_response_scales_with_current_and_turns,not_run,unobserved
tests/test_mast_vacuum_refinement.py::test_sensitive_axis_is_a_unit_vector,not_run,unobserved
tests/test_mast_vacuum_refinement.py::test_series_partner_and_hold_time_gate_isolation,not_run,unobserved
tests/test_mast_vacuum_refinement.py::test_split_never_shares_a_shot_or_a_withheld_family,not_run,unobserved
tests/test_mast_vacuum_refinement.py::test_standoff_uses_the_pack_width_not_its_diagonal,not_run,unobserved
tests/test_mast_vacuum_refinement.py::test_the_blanket_probe_angle_claim_is_narrowed,not_run,unobserved
tests/test_mast_vacuum_refinement.py::test_the_measured_saddle_geometry_survives_the_refinement,not_run,unobserved
tests/test_mast_vacuum_refinement.py::test_the_published_count_is_corroborated_by_an_independent_fit,not_run,unobserved
tests/test_mast_vacuum_refinement.py::test_the_refined_artifact_carries_its_own_drive_semantics,not_run,unobserved
tests/test_mast_vacuum_refinement.py::test_the_refined_ids_carry_the_sourced_circuit_junctions,not_run,unobserved
tests/test_mast_vacuum_refinement.py::test_the_solenoid_turn_count_doubles_its_fitted_multiplier,not_run,unobserved
tests/test_mast_vacuum_refinement.py::test_two_packs_sharing_a_waveform_and_a_place_are_refused,not_run,unobserved
tests/test_mast_vacuum_refinement.py::test_unrecognised_channel_is_refused,not_run,unobserved
tests/test_mast_winding_lattice.py::test_a_coil_with_no_promoted_weight_is_refused,not_run,unobserved
tests/test_mast_winding_lattice.py::test_a_degenerate_grid_or_fill_is_refused,not_run,unobserved
tests/test_mast_winding_lattice.py::test_a_displaced_outline_is_not_a_layout,not_run,unobserved
tests/test_mast_winding_lattice.py::test_a_driven_error_field_channel_refuses_the_shot,not_run,unobserved
tests/test_mast_winding_lattice.py::test_a_layout_cannot_move_a_pooled_amplitude_by_a_tenth_of_a_percent[p4_lower],not_run,unobserved
tests/test_mast_winding_lattice.py::test_a_layout_cannot_move_a_pooled_amplitude_by_a_tenth_of_a_percent[p4_upper],not_run,unobserved
tests/test_mast_winding_lattice.py::test_a_layout_cannot_move_a_pooled_amplitude_by_a_tenth_of_a_percent[p5_lower],not_run,unobserved
tests/test_mast_winding_lattice.py::test_a_layout_cannot_move_a_pooled_amplitude_by_a_tenth_of_a_percent[p5_upper],not_run,unobserved
tests/test_mast_winding_lattice.py::test_a_layout_is_invisible_beyond_two_pack_widths,not_run,unobserved
tests/test_mast_winding_lattice.py::test_a_layout_needs_a_coil_the_response_carries,not_run,unobserved
tests/test_mast_winding_lattice.py::test_a_planted_displacement_is_recovered,not_run,unobserved
tests/test_mast_winding_lattice.py::test_a_planted_layout_is_recovered,not_run,unobserved
tests/test_mast_winding_lattice.py::test_a_quiet_bank_admits_the_shot,not_run,unobserved
tests/test_mast_winding_lattice.py::test_an_exact_model_leaves_no_residual,not_run,unobserved
tests/test_mast_winding_lattice.py::test_an_unrecorded_error_field_channel_is_never_quiescent,not_run,unobserved
tests/test_mast_winding_lattice.py::test_chamfer_vacates_exactly_one_position[shape0-p4_lower],not_run,unobserved
tests/test_mast_winding_lattice.py::test_chamfer_vacates_exactly_one_position[shape0-p4_upper],not_run,unobserved
tests/test_mast_winding_lattice.py::test_chamfer_vacates_exactly_one_position[shape0-p5_lower],not_run,unobserved
tests/test_mast_winding_lattice.py::test_chamfer_vacates_exactly_one_position[shape0-p5_upper],not_run,unobserved
tests/test_mast_winding_lattice.py::test_chamfer_vacates_exactly_one_position[shape1-p4_lower],not_run,unobserved
tests/test_mast_winding_lattice.py::test_chamfer_vacates_exactly_one_position[shape1-p4_upper],not_run,unobserved
tests/test_mast_winding_lattice.py::test_chamfer_vacates_exactly_one_position[shape1-p5_lower],not_run,unobserved
tests/test_mast_winding_lattice.py::test_chamfer_vacates_exactly_one_position[shape1-p5_upper],not_run,unobserved
tests/test_mast_winding_lattice.py::test_chamfer_vacates_exactly_one_position[shape2-p4_lower],not_run,unobserved
tests/test_mast_winding_lattice.py::test_chamfer_vacates_exactly_one_position[shape2-p4_upper],not_run,unobserved
tests/test_mast_winding_lattice.py::test_chamfer_vacates_exactly_one_position[shape2-p5_lower],not_run,unobserved
tests/test_mast_winding_lattice.py::test_chamfer_vacates_exactly_one_position[shape2-p5_upper],not_run,unobserved
tests/test_mast_winding_lattice.py::test_channel_deltas_report_every_probe_both_ways,not_run,unobserved
tests/test_mast_winding_lattice.py::test_insulation_thickness_cannot_change_the_turn_count[p4_lower],not_run,unobserved
tests/test_mast_winding_lattice.py::test_insulation_thickness_cannot_change_the_turn_count[p4_upper],not_run,unobserved
tests/test_mast_winding_lattice.py::test_insulation_thickness_cannot_change_the_turn_count[p5_lower],not_run,unobserved
tests/test_mast_winding_lattice.py::test_insulation_thickness_cannot_change_the_turn_count[p5_upper],not_run,unobserved
tests/test_mast_winding_lattice.py::test_missing_samples_do_not_bias_the_amplitude,not_run,unobserved
tests/test_mast_winding_lattice.py::test_one_section_is_the_uniform_outline,not_run,unobserved
tests/test_mast_winding_lattice.py::test_only_three_grids_reproduce_the_count_on_every_coil,not_run,unobserved
tests/test_mast_winding_lattice.py::test_planted_channel_gains_are_recovered_off_the_far_field,not_run,unobserved
tests/test_mast_winding_lattice.py::test_the_layout_moves_the_current_inboard_and_toward_the_midplane[p4_lower],not_run,unobserved
tests/test_mast_winding_lattice.py::test_the_layout_moves_the_current_inboard_and_toward_the_midplane[p4_upper],not_run,unobserved
tests/test_mast_winding_lattice.py::test_the_layout_moves_the_current_inboard_and_toward_the_midplane[p5_lower],not_run,unobserved
tests/test_mast_winding_lattice.py::test_the_layout_moves_the_current_inboard_and_toward_the_midplane[p5_upper],not_run,unobserved
tests/test_mast_winding_lattice.py::test_the_vacated_position_is_the_outboard_corner_off_the_midplane[p4_lower],not_run,unobserved
tests/test_mast_winding_lattice.py::test_the_vacated_position_is_the_outboard_corner_off_the_midplane[p4_upper],not_run,unobserved
tests/test_mast_winding_lattice.py::test_the_vacated_position_is_the_outboard_corner_off_the_midplane[p5_lower],not_run,unobserved
tests/test_mast_winding_lattice.py::test_the_vacated_position_is_the_outboard_corner_off_the_midplane[p5_upper],not_run,unobserved
tests/test_mastcocos.py::test_axis_flux_extremum_is_not_a_convention_invariant,not_run,unobserved
tests/test_mastcocos.py::test_both_sign_cohorts_are_cocos_three[forward-cohort0],not_run,unobserved
tests/test_mastcocos.py::test_both_sign_cohorts_are_cocos_three[reversed-cohort1],not_run,unobserved
tests/test_mastcocos.py::test_conductor_subdivision_does_not_change_physical_geometry,not_run,unobserved
tests/test_mastcocos.py::test_corpus_sample_re_derives_cocos_three,not_run,unobserved
tests/test_mastcocos.py::test_corrupt_geometry_is_not_a_configuration,not_run,unobserved
tests/test_mastcocos.py::test_curve_subdivision_does_not_change_geometry,not_run,unobserved
tests/test_mastcocos.py::test_diagnostic_pose_and_orientation_are_physical_identity[magpr_ang-0.2],not_run,unobserved
tests/test_mastcocos.py::test_diagnostic_pose_and_orientation_are_physical_identity[magpr_r-0.02],not_run,unobserved
tests/test_mastcocos.py::test_flux_loop_ratio_measures_the_two_pi[11794],not_run,unobserved
tests/test_mastcocos.py::test_flux_loop_ratio_measures_the_two_pi[12417],not_run,unobserved
tests/test_mastcocos.py::test_flux_loop_ratio_measures_the_two_pi[18502],not_run,unobserved
tests/test_mastcocos.py::test_pressure_gradient_cross_checks_sigma_bp[forward-cohort0],not_run,unobserved
tests/test_mastcocos.py::test_pressure_gradient_cross_checks_sigma_bp[reversed-cohort1],not_run,unobserved
tests/test_mastcocos.py::test_raw_setup_fingerprints_share_one_physical_geometry,not_run,unobserved
tests/test_mastcocos.py::test_shot_ranges_do_not_hide_a_configuration_change_across_a_gap,not_run,unobserved
tests/test_mastcocos.py::test_shot_ranges_keep_unreadable_evidence_explicit,not_run,unobserved
tests/test_mastcocos.py::test_shot_resolves_to_a_known_fingerprint[11794],not_run,unobserved
tests/test_mastcocos.py::test_shot_resolves_to_a_known_fingerprint[12417],not_run,unobserved
tests/test_mastcocos.py::test_shot_resolves_to_a_known_fingerprint[18502],not_run,unobserved
tests/test_mastcocos.py::test_source_digits_give_cocos_three,not_run,unobserved
tests/test_mastcocos.py::test_table_is_a_bijection,not_run,unobserved
tests/test_mastcocos.py::test_target_digits_give_cocos_seventeen,not_run,unobserved
tests/test_mastcocos.py::test_target_q_is_negative_for_the_forward_cohort,not_run,unobserved
tests/test_mastcocos.py::test_transform_flips_only_the_q_sign_and_scales_psi,not_run,unobserved
tests/test_mastcocos.py::test_transformed_quantities_read_back_as_cocos_seventeen[forward-cohort0],not_run,unobserved
tests/test_mastcocos.py::test_transformed_quantities_read_back_as_cocos_seventeen[reversed-cohort1],not_run,unobserved
tests/test_mastcocos.py::test_true_conductor_relocation_changes_physical_geometry,not_run,unobserved
tests/test_measurement_provenance.py::test_clean_checkout_emits_its_commit_stamp,not_run,unobserved
tests/test_measurement_provenance.py::test_modified_tracked_file_prevents_a_stamp,not_run,unobserved
tests/test_measurement_provenance.py::test_non_repository_prevents_a_stamp,not_run,unobserved
tests/test_metaframe.py::test_clear,not_run,unobserved
tests/test_metaframe.py::test_clear_required,not_run,unobserved
tests/test_metaframe.py::test_extend_additional,not_run,unobserved
tests/test_metaframe.py::test_init_metaframe,not_run,unobserved
tests/test_metaframe.py::test_init_metamethod,not_run,unobserved
tests/test_metaframe.py::test_metadata,not_run,unobserved
tests/test_metaframe.py::test_replace_required,not_run,unobserved
tests/test_metaframe.py::test_required_number,not_run,unobserved
tests/test_metaframe.py::test_type_error,not_run,unobserved
tests/test_multipoint.py::test_data_init_multipoint_false,not_run,unobserved
tests/test_multipoint.py::test_data_init_multipoint_true,not_run,unobserved
tests/test_multipoint.py::test_default_multipoint_true,not_run,unobserved
tests/test_multipoint.py::test_drop,not_run,unobserved
tests/test_multipoint.py::test_drop_indexer,not_run,unobserved
tests/test_multipoint.py::test_frame_columns_multipoint,not_run,unobserved
tests/test_multipoint.py::test_generate_key_attribute_true,not_run,unobserved
tests/test_multipoint.py::test_generate_multi,not_run,unobserved
tests/test_multipoint.py::test_generate_single,not_run,unobserved
tests/test_multipoint.py::test_generate_single_float,not_run,unobserved
tests/test_multipoint.py::test_insert_multipoint_default_false,not_run,unobserved
tests/test_multipoint.py::test_insert_multipoint_default_float,not_run,unobserved
tests/test_multipoint.py::test_insert_multipoint_default_true,not_run,unobserved
tests/test_multipoint.py::test_link_avalible,not_run,unobserved
tests/test_multipoint.py::test_link_sort_normal,not_run,unobserved
tests/test_multipoint.py::test_link_sort_reverse,not_run,unobserved
tests/test_netcdf.py::test_filepath_suffix,not_run,unobserved
tests/test_netcdf.py::test_store_load_roundtrip,not_run,unobserved
tests/test_netcdf.py::test_store_overwrite_replaces_group,not_run,unobserved
tests/test_netcdf.py::test_subgroup,not_run,unobserved
tests/test_null_benchmark_precision.py::test_field_null_benchmark_declares_resolved_precision[fieldnull_candidate_audit],not_run,unobserved
tests/test_null_benchmark_precision.py::test_field_null_benchmark_declares_resolved_precision[fieldnull_gpu_throughput],not_run,unobserved
tests/test_null_benchmark_precision.py::test_field_null_benchmark_declares_resolved_precision[fieldnull_precision_audit],not_run,unobserved
tests/test_null_benchmark_precision.py::test_field_null_benchmark_declares_resolved_precision[fieldnull_production_route],not_run,unobserved
tests/test_null_benchmark_precision.py::test_field_null_benchmark_declares_resolved_precision[null_stack_route],not_run,unobserved
tests/test_null_benchmark_precision.py::test_field_null_benchmark_declares_resolved_precision[select_precision_contract],not_run,unobserved
tests/test_null_benchmark_precision.py::test_field_null_benchmark_declares_resolved_precision[stencil_null_route],not_run,unobserved
tests/test_overlap.py::test_number_getter[10-10],not_run,unobserved
tests/test_overlap.py::test_number_getter[10-None],not_run,unobserved
tests/test_overlap.py::test_number_getter[None-10],not_run,unobserved
tests/test_overlap.py::test_number_getter[None-None],not_run,unobserved
tests/test_overlap.py::test_number_setter,not_run,unobserved
tests/test_overlap.py::test_symetric[circle],not_run,unobserved
tests/test_overlap.py::test_symetric[cylinder],not_run,unobserved
tests/test_parity_chain.py::test_nonfinite_trace_row_reports_zero_convergence,not_run,unobserved
tests/test_parity_chain.py::test_pilot_shot_runs_the_scored_chain_end_to_end,not_run,unobserved
tests/test_parity_chain.py::test_profile_reproduction_is_current_density_rms_against_grid_read,not_run,unobserved
tests/test_parity_chain.py::test_scorecard_refuses_an_unregistered_metric,not_run,unobserved
tests/test_parity_flux_ledger.py::test_bound_is_read_from_the_registered_temporal_tolerance,not_run,unobserved
tests/test_parity_flux_ledger.py::test_every_frozen_shot_is_reported_with_pass_fail_or_reason,not_run,unobserved
tests/test_parity_flux_ledger.py::test_invalid_shot_names_the_ledger_failure,not_run,unobserved
tests/test_parity_flux_ledger.py::test_shot_report_carries_verdict_flux_consumption_and_profile_separation,not_run,unobserved
tests/test_parity_gate.py::test_bank_covers_all_six_shots_and_all_registered_fields,not_run,unobserved
tests/test_parity_gate.py::test_completed_chain_with_no_reference_rows_remains_available_for_skipping,not_run,unobserved
tests/test_parity_gate.py::test_failed_shot_is_named_while_remaining_shots_continue,not_run,unobserved
tests/test_parity_gate.py::test_frozen_cohort_aggregation_banks_each_shot_and_metric_verdict,not_run,unobserved
tests/test_parity_gate.py::test_frozen_cohort_names_unbanked_shots_not_attempted,not_run,unobserved
tests/test_parity_gate.py::test_nonfinite_metric_is_a_scored_failure_not_a_skip,not_run,unobserved
tests/test_parity_gate.py::test_nonfinite_trace_is_retained_as_zero_convergence,not_run,unobserved
tests/test_parity_gate.py::test_partition_aggregation_rejects_a_coverage_gap,not_run,unobserved
tests/test_parity_gate.py::test_partition_aggregation_requires_exact_coverage_and_banks_boundaries,not_run,unobserved
tests/test_parity_gate.py::test_production_scorer_passes_only_factory_components_to_refereed_chain,not_run,unobserved
tests/test_parity_gate.py::test_production_slice_uses_full_shot_sensor_scale,not_run,unobserved
tests/test_parity_gate.py::test_profile_reproduction_and_fixed_point_defect_remain_distinct,not_run,unobserved
tests/test_parity_gate.py::test_seed_preparation_catches_only_typed_unsupported_slices,not_run,unobserved
tests/test_parity_gate.py::test_shot_budget_names_unattempted_remainder_and_prints_overall_fractions,not_run,unobserved
tests/test_parity_gate.py::test_unsupported_first_slice_is_skipped_and_later_slices_are_scored,not_run,unobserved
tests/test_parity_tolerances.py::test_a_scorecard_cannot_be_scored_with_missing_or_unregistered_metrics,not_run,unobserved
tests/test_parity_tolerances.py::test_each_bound_direction_and_nonfinite_failure_are_enforced,not_run,unobserved
tests/test_parity_tolerances.py::test_every_scorecard_field_has_one_documented_numeric_tolerance,not_run,unobserved
tests/test_parity_tolerances.py::test_magnetics_budget_classes_change_only_the_measured_residual_bound,not_run,unobserved
tests/test_parity_tolerances.py::test_metric_identity_keeps_every_existing_bound_and_registers_solver_health,not_run,unobserved
tests/test_parity_tolerances.py::test_the_seeded_held_out_extension_is_pinned_across_campaigns_and_polarities,not_run,unobserved
tests/test_plasmawall_first_wall.py::test_nwall_counts_nodes_per_first_wall_segment,not_run,unobserved
tests/test_plasmawall_first_wall.py::test_plasmagrid_tessellation_uses_the_full_first_wall,not_run,unobserved
tests/test_plasmawall_first_wall.py::test_plasmawall_reads_the_full_first_wall,not_run,unobserved
tests/test_plot_import.py::test_core_import_graph_is_matplotlib_free,not_run,unobserved
tests/test_point.py::test_data[shape0],not_run,unobserved
tests/test_point.py::test_data[shape1],not_run,unobserved
tests/test_point.py::test_data[shape2],not_run,unobserved
tests/test_point.py::test_shape[shape0],not_run,unobserved
tests/test_point.py::test_shape[shape1],not_run,unobserved
tests/test_point.py::test_shape[shape2],not_run,unobserved
tests/test_point.py::test_shape[shape3],not_run,unobserved
tests/test_point.py::test_shape[shape4],not_run,unobserved
tests/test_point.py::test_shape[shape5],not_run,unobserved
tests/test_point.py::test_shape_error[shape0],not_run,unobserved
tests/test_point.py::test_shape_error[shape1],not_run,unobserved
tests/test_point.py::test_shape_error[shape2],not_run,unobserved
tests/test_pointconstraint.py::test_constraint_point_index,not_run,unobserved
tests/test_pointconstraint.py::test_control_fit[False-False-0],not_run,unobserved
tests/test_pointconstraint.py::test_control_fit[False-False-1],not_run,unobserved
tests/test_pointconstraint.py::test_control_fit[False-True-0],not_run,unobserved
tests/test_pointconstraint.py::test_control_fit[False-True-1],not_run,unobserved
tests/test_pointconstraint.py::test_control_fit[True-False-0],not_run,unobserved
tests/test_pointconstraint.py::test_control_fit[True-False-1],not_run,unobserved
tests/test_pointconstraint.py::test_control_fit[True-True-0],not_run,unobserved
tests/test_pointconstraint.py::test_control_fit[True-True-1],not_run,unobserved
tests/test_pointconstraint.py::test_control_midpoints,not_run,unobserved
tests/test_pointconstraint.py::test_control_normal,not_run,unobserved
tests/test_pointconstraint.py::test_control_plot[False-False],not_run,unobserved
tests/test_pointconstraint.py::test_control_plot[False-True],not_run,unobserved
tests/test_pointconstraint.py::test_control_plot[True-False],not_run,unobserved
tests/test_pointconstraint.py::test_control_plot[True-True],not_run,unobserved
tests/test_pointconstraint.py::test_flux_update,not_run,unobserved
tests/test_pointconstraint.py::test_null_plot,not_run,unobserved
tests/test_pointconstraint.py::test_plot_constraint,not_run,unobserved
tests/test_pointconstraint.py::test_point_index_error,not_run,unobserved
tests/test_polygen.py::test_bound_square_area,not_run,unobserved
tests/test_polygen.py::test_disc_area,not_run,unobserved
tests/test_polygen.py::test_ellipse_area,not_run,unobserved
tests/test_polygen.py::test_rectangle_area,not_run,unobserved
tests/test_polygen.py::test_skin_area,not_run,unobserved
tests/test_polygen.py::test_x_centroid,not_run,unobserved
tests/test_polygen.py::test_y_centroid,not_run,unobserved
tests/test_polygeom.py::test_bbox_length_thickness,not_run,unobserved
tests/test_polygeom.py::test_box_cross_section,not_run,unobserved
tests/test_polygeom.py::test_circle_centroid,not_run,unobserved
tests/test_polygeom.py::test_circle_delta,not_run,unobserved
tests/test_polygeom.py::test_circular_cross_section,not_run,unobserved
tests/test_polygeom.py::test_dict_length_thickness,not_run,unobserved
tests/test_polygeom.py::test_free_aspect,not_run,unobserved
tests/test_polygeom.py::test_loop_length_thickness,not_run,unobserved
tests/test_polygeom.py::test_other_delta,not_run,unobserved
tests/test_polygeom.py::test_polyname,not_run,unobserved
tests/test_polygeom.py::test_rectangular_cross_section,not_run,unobserved
tests/test_polygeom.py::test_section_name,not_run,unobserved
tests/test_polygeom.py::test_skin_cross_section,not_run,unobserved
tests/test_polygon.py::test_free_aspect,not_run,unobserved
tests/test_polygon.py::test_invalid_cross_section,not_run,unobserved
tests/test_polygon.py::test_polygon_bbox,not_run,unobserved
tests/test_polygon.py::test_polygon_dict,not_run,unobserved
tests/test_polygon.py::test_polygon_disc,not_run,unobserved
tests/test_polygon.py::test_polygon_disc_max_min,not_run,unobserved
tests/test_polygon.py::test_polygon_eq,not_run,unobserved
tests/test_polygon.py::test_polygon_eq_dual_source,not_run,unobserved
tests/test_polygon.py::test_polygon_loop,not_run,unobserved
tests/test_polygon.py::test_polygon_multi_dict,not_run,unobserved
tests/test_polygon.py::test_polygon_names,not_run,unobserved
tests/test_polygon.py::test_polygon_ne,not_run,unobserved
tests/test_polygon.py::test_polygon_shapely,not_run,unobserved
tests/test_polygon.py::test_polygon_square,not_run,unobserved
tests/test_polygon.py::test_polygon_square_max_min,not_run,unobserved
tests/test_polygon.py::test_rectangular_cross_section,not_run,unobserved
tests/test_polygon.py::test_skin_thickness_error,not_run,unobserved
tests/test_polygrid.py::test_disc_disc_grid_odd_over,not_run,unobserved
tests/test_polygrid.py::test_disc_disc_grid_odd_under,not_run,unobserved
tests/test_polygrid.py::test_disc_effective_nfilament,not_run,unobserved
tests/test_polygrid.py::test_disc_effective_nfilament_tile,not_run,unobserved
tests/test_polygrid.py::test_disc_in_rectangle,not_run,unobserved
tests/test_polygrid.py::test_disc_rectangle_grid_odd_over,not_run,unobserved
tests/test_polygrid.py::test_disc_square_grid_odd_over,not_run,unobserved
tests/test_polygrid.py::test_hexagon_effective_nfilament,not_run,unobserved
tests/test_polygrid.py::test_hexagon_effective_nfilament_tile,not_run,unobserved
tests/test_polygrid.py::test_hexagon_in_disc,not_run,unobserved
tests/test_polygrid.py::test_hexagon_in_rectangle_horizontal_constraint,not_run,unobserved
tests/test_polygrid.py::test_hexagon_in_rectangle_vertical_constraint,not_run,unobserved
tests/test_polygrid.py::test_limit,not_run,unobserved
tests/test_polygrid.py::test_loop,not_run,unobserved
tests/test_polygrid.py::test_loop_transpose,not_run,unobserved
tests/test_polygrid.py::test_multipolygon,not_run,unobserved
tests/test_polygrid.py::test_poly_buffer,not_run,unobserved
tests/test_polygrid.py::test_rectangle,not_run,unobserved
tests/test_polygrid.py::test_rectangle_effective_nfilament,not_run,unobserved
tests/test_polygrid.py::test_rectangle_effective_nfilament_tile,not_run,unobserved
tests/test_polygrid.py::test_rectangle_grid_horizontal,not_run,unobserved
tests/test_polygrid.py::test_rectangle_grid_vertical,not_run,unobserved
tests/test_polygrid.py::test_rectangle_in_rectangle,not_run,unobserved
tests/test_polygrid.py::test_square,not_run,unobserved
tests/test_polygrid.py::test_square_effective_nfilament,not_run,unobserved
tests/test_polygrid.py::test_square_effective_nfilament_tile,not_run,unobserved
tests/test_polygrid.py::test_square_in_rectangle,not_run,unobserved
tests/test_polyline.py::test_2d_arc_center,not_run,unobserved
tests/test_polyline.py::test_2d_arc_radius,not_run,unobserved
tests/test_polyline.py::test_3d_arc_center,not_run,unobserved
tests/test_polyline.py::test_arc_length,not_run,unobserved
tests/test_polyline.py::test_arc_name,not_run,unobserved
tests/test_polyline.py::test_arc_path,not_run,unobserved
tests/test_polyline.py::test_arc_plot,not_run,unobserved
tests/test_polyline.py::test_arc_plotfit,not_run,unobserved
tests/test_polyline.py::test_arc_points,not_run,unobserved
tests/test_polyline.py::test_arc_points_fail,not_run,unobserved
tests/test_polyline.py::test_circle,not_run,unobserved
tests/test_polyline.py::test_decimate_dual_arc,not_run,unobserved
tests/test_polyline.py::test_decimate_polyline,not_run,unobserved
tests/test_polyline.py::test_decimate_single_arc,not_run,unobserved
tests/test_polyline.py::test_ellipse,not_run,unobserved
tests/test_polyline.py::test_fiducial_polyline_frame,not_run,unobserved
tests/test_polyline.py::test_fiducial_polyline_geometry_segments,not_run,unobserved
tests/test_polyline.py::test_four_point_line,not_run,unobserved
tests/test_polyline.py::test_line_3_point_error,not_run,unobserved
tests/test_polyline.py::test_line_geometry,not_run,unobserved
tests/test_polyline.py::test_line_line_arc_line_line,not_run,unobserved
tests/test_polyline.py::test_line_name,not_run,unobserved
tests/test_polyline.py::test_line_path,not_run,unobserved
tests/test_polyline.py::test_line_plot,not_run,unobserved
tests/test_polyline.py::test_line_points,not_run,unobserved
tests/test_polyline.py::test_match_arc,not_run,unobserved
tests/test_polyline.py::test_match_arc_3d,not_run,unobserved
tests/test_polyline.py::test_match_four_point_arc,not_run,unobserved
tests/test_polyline.py::test_match_single_arc,not_run,unobserved
tests/test_polyline.py::test_match_single_polyarc,not_run,unobserved
tests/test_polyline.py::test_mismatch_single_polyarc_plus_one,not_run,unobserved
tests/test_polyline.py::test_missmatch_dual_arc,not_run,unobserved
tests/test_polyline.py::test_missmatch_four_point_arc,not_run,unobserved
tests/test_polyline.py::test_multi_polyarc_path,not_run,unobserved
tests/test_polyline.py::test_negative_acute,not_run,unobserved
tests/test_polyline.py::test_points_on_polyarc,not_run,unobserved
tests/test_polyline.py::test_polyarc_plot,not_run,unobserved
tests/test_polyline.py::test_polyline_nodes,not_run,unobserved
tests/test_polyline.py::test_polyline_path,not_run,unobserved
tests/test_polyline.py::test_shifted_arc_length[-3.141592653589793--3.141592653589793-0.3],not_run,unobserved
tests/test_polyline.py::test_shifted_arc_length[-3.141592653589793--3.141592653589793-1.7],not_run,unobserved
tests/test_polyline.py::test_shifted_arc_length[-3.141592653589793--4.71238898038469-0.3],not_run,unobserved
tests/test_polyline.py::test_shifted_arc_length[-3.141592653589793--4.71238898038469-1.7],not_run,unobserved
tests/test_polyline.py::test_shifted_arc_length[-3.141592653589793-0.5-0.3],not_run,unobserved
tests/test_polyline.py::test_shifted_arc_length[-3.141592653589793-0.5-1.7],not_run,unobserved
tests/test_polyline.py::test_shifted_arc_length[-3.141592653589793-2.0943951023931953-0.3],not_run,unobserved
tests/test_polyline.py::test_shifted_arc_length[-3.141592653589793-2.0943951023931953-1.7],not_run,unobserved
tests/test_polyline.py::test_shifted_arc_length[-3.141592653589793-3.141592653589793-0.3],not_run,unobserved
tests/test_polyline.py::test_shifted_arc_length[-3.141592653589793-3.141592653589793-1.7],not_run,unobserved
tests/test_polyline.py::test_shifted_arc_length[-4.71238898038469--3.141592653589793-0.3],not_run,unobserved
tests/test_polyline.py::test_shifted_arc_length[-4.71238898038469--3.141592653589793-1.7],not_run,unobserved
tests/test_polyline.py::test_shifted_arc_length[-4.71238898038469--4.71238898038469-0.3],not_run,unobserved
tests/test_polyline.py::test_shifted_arc_length[-4.71238898038469--4.71238898038469-1.7],not_run,unobserved
tests/test_polyline.py::test_shifted_arc_length[-4.71238898038469-0.5-0.3],not_run,unobserved
tests/test_polyline.py::test_shifted_arc_length[-4.71238898038469-0.5-1.7],not_run,unobserved
tests/test_polyline.py::test_shifted_arc_length[-4.71238898038469-2.0943951023931953-0.3],not_run,unobserved
tests/test_polyline.py::test_shifted_arc_length[-4.71238898038469-2.0943951023931953-1.7],not_run,unobserved
tests/test_polyline.py::test_shifted_arc_length[-4.71238898038469-3.141592653589793-0.3],not_run,unobserved
tests/test_polyline.py::test_shifted_arc_length[-4.71238898038469-3.141592653589793-1.7],not_run,unobserved
tests/test_polyline.py::test_shifted_arc_length[0.5--3.141592653589793-0.3],not_run,unobserved
tests/test_polyline.py::test_shifted_arc_length[0.5--3.141592653589793-1.7],not_run,unobserved
tests/test_polyline.py::test_shifted_arc_length[0.5--4.71238898038469-0.3],not_run,unobserved
tests/test_polyline.py::test_shifted_arc_length[0.5--4.71238898038469-1.7],not_run,unobserved
tests/test_polyline.py::test_shifted_arc_length[0.5-0.5-0.3],not_run,unobserved
tests/test_polyline.py::test_shifted_arc_length[0.5-0.5-1.7],not_run,unobserved
tests/test_polyline.py::test_shifted_arc_length[0.5-2.0943951023931953-0.3],not_run,unobserved
tests/test_polyline.py::test_shifted_arc_length[0.5-2.0943951023931953-1.7],not_run,unobserved
tests/test_polyline.py::test_shifted_arc_length[0.5-3.141592653589793-0.3],not_run,unobserved
tests/test_polyline.py::test_shifted_arc_length[0.5-3.141592653589793-1.7],not_run,unobserved
tests/test_polyline.py::test_shifted_arc_length[2.0943951023931953--3.141592653589793-0.3],not_run,unobserved
tests/test_polyline.py::test_shifted_arc_length[2.0943951023931953--3.141592653589793-1.7],not_run,unobserved
tests/test_polyline.py::test_shifted_arc_length[2.0943951023931953--4.71238898038469-0.3],not_run,unobserved
tests/test_polyline.py::test_shifted_arc_length[2.0943951023931953--4.71238898038469-1.7],not_run,unobserved
tests/test_polyline.py::test_shifted_arc_length[2.0943951023931953-0.5-0.3],not_run,unobserved
tests/test_polyline.py::test_shifted_arc_length[2.0943951023931953-0.5-1.7],not_run,unobserved
tests/test_polyline.py::test_shifted_arc_length[2.0943951023931953-2.0943951023931953-0.3],not_run,unobserved
tests/test_polyline.py::test_shifted_arc_length[2.0943951023931953-2.0943951023931953-1.7],not_run,unobserved
tests/test_polyline.py::test_shifted_arc_length[2.0943951023931953-3.141592653589793-0.3],not_run,unobserved
tests/test_polyline.py::test_shifted_arc_length[2.0943951023931953-3.141592653589793-1.7],not_run,unobserved
tests/test_polyline.py::test_shifted_arc_length[3.141592653589793--3.141592653589793-0.3],not_run,unobserved
tests/test_polyline.py::test_shifted_arc_length[3.141592653589793--3.141592653589793-1.7],not_run,unobserved
tests/test_polyline.py::test_shifted_arc_length[3.141592653589793--4.71238898038469-0.3],not_run,unobserved
tests/test_polyline.py::test_shifted_arc_length[3.141592653589793--4.71238898038469-1.7],not_run,unobserved
tests/test_polyline.py::test_shifted_arc_length[3.141592653589793-0.5-0.3],not_run,unobserved
tests/test_polyline.py::test_shifted_arc_length[3.141592653589793-0.5-1.7],not_run,unobserved
tests/test_polyline.py::test_shifted_arc_length[3.141592653589793-2.0943951023931953-0.3],not_run,unobserved
tests/test_polyline.py::test_shifted_arc_length[3.141592653589793-2.0943951023931953-1.7],not_run,unobserved
tests/test_polyline.py::test_shifted_arc_length[3.141592653589793-3.141592653589793-0.3],not_run,unobserved
tests/test_polyline.py::test_shifted_arc_length[3.141592653589793-3.141592653589793-1.7],not_run,unobserved
tests/test_polyline.py::test_single_arc_negative_axis,not_run,unobserved
tests/test_polyline.py::test_single_arc_positive_axis,not_run,unobserved
tests/test_polyline.py::test_single_arc_unit_orthogonal_axes[points0],not_run,unobserved
tests/test_polyline.py::test_single_arc_unit_orthogonal_axes[points1],not_run,unobserved
tests/test_polyline.py::test_single_arc_unit_orthogonal_axes[points2],not_run,unobserved
tests/test_polyline.py::test_single_polyarc_path,not_run,unobserved
tests/test_polyline.py::test_straight_line_normal,not_run,unobserved
tests/test_polyline.py::test_three_point_line,not_run,unobserved
tests/test_real_slice_convergence.py::test_diagnosis_does_not_compare_the_fixed_point_scalar_to_profile_bound,not_run,unobserved
tests/test_real_slice_convergence.py::test_norm_conversion_keeps_the_fixed_point_denominator,not_run,unobserved
tests/test_real_slice_convergence.py::test_slice_selection_requires_five_real_rows_and_preserves_alignment,not_run,unobserved
tests/test_regression.py::test_coordinate_update_error,not_run,unobserved
tests/test_regression.py::test_data_init,not_run,unobserved
tests/test_regression.py::test_data_update_index_error,not_run,unobserved
tests/test_regression.py::test_forward[matrix_shape0],not_run,unobserved
tests/test_regression.py::test_forward[matrix_shape1],not_run,unobserved
tests/test_regression.py::test_forward[matrix_shape2],not_run,unobserved
tests/test_regression.py::test_forward_no_data_error,not_run,unobserved
tests/test_regression.py::test_forward_no_model_error,not_run,unobserved
tests/test_regression.py::test_inverse[matrix_shape0],not_run,unobserved
tests/test_regression.py::test_inverse[matrix_shape1],not_run,unobserved
tests/test_regression.py::test_inverse[matrix_shape2],not_run,unobserved
tests/test_regression.py::test_model_init,not_run,unobserved
tests/test_regression.py::test_model_init_index_error,not_run,unobserved
tests/test_regression.py::test_model_update,not_run,unobserved
tests/test_regression.py::test_model_update_index_error,not_run,unobserved
tests/test_regression.py::test_moore_penrose[matrix_shape0],not_run,unobserved
tests/test_regression.py::test_moore_penrose[matrix_shape1],not_run,unobserved
tests/test_regression.py::test_moore_penrose[matrix_shape2],not_run,unobserved
tests/test_regression.py::test_no_data_attribute_error,not_run,unobserved
tests/test_regression.py::test_no_model_attribute_error,not_run,unobserved
tests/test_regression.py::test_regression_dot[matrix_shape0],not_run,unobserved
tests/test_regression.py::test_regression_dot[matrix_shape1],not_run,unobserved
tests/test_regression.py::test_regression_dot[matrix_shape2],not_run,unobserved
tests/test_regression.py::test_regression_lops[matrix_shape0],not_run,unobserved
tests/test_regression.py::test_regression_lops[matrix_shape1],not_run,unobserved
tests/test_regression.py::test_regression_lops[matrix_shape2],not_run,unobserved
tests/test_regression.py::test_regression_lops_dot[matrix_shape0],not_run,unobserved
tests/test_regression.py::test_regression_lops_dot[matrix_shape1],not_run,unobserved
tests/test_regression.py::test_regression_lops_dot[matrix_shape2],not_run,unobserved
tests/test_regression.py::test_svd_matrices,not_run,unobserved
tests/test_rotate.py::test_dot[axis0-vector0],not_run,unobserved
tests/test_rotate.py::test_dot[axis1-vector1],not_run,unobserved
tests/test_rotate.py::test_dot[axis10-vector10],not_run,unobserved
tests/test_rotate.py::test_dot[axis11-vector11],not_run,unobserved
tests/test_rotate.py::test_dot[axis2-vector2],not_run,unobserved
tests/test_rotate.py::test_dot[axis3-vector3],not_run,unobserved
tests/test_rotate.py::test_dot[axis4-vector4],not_run,unobserved
tests/test_rotate.py::test_dot[axis5-vector5],not_run,unobserved
tests/test_rotate.py::test_dot[axis6-vector6],not_run,unobserved
tests/test_rotate.py::test_dot[axis7-vector7],not_run,unobserved
tests/test_rotate.py::test_dot[axis8-vector8],not_run,unobserved
tests/test_rotate.py::test_dot[axis9-vector9],not_run,unobserved
tests/test_rotate.py::test_to_vector,not_run,unobserved
tests/test_rotate.py::test_to_vector_pi,not_run,unobserved
tests/test_rotating_equilibrium_references.py::test_analytic_grad_shafranov_residual_is_machine_zero[moderate-rotation-conventional],not_run,unobserved
tests/test_rotating_equilibrium_references.py::test_analytic_grad_shafranov_residual_is_machine_zero[strong-rotation-compact],not_run,unobserved
tests/test_rotating_equilibrium_references.py::test_analytic_grad_shafranov_residual_is_machine_zero[weak-rotation-reactor],not_run,unobserved
tests/test_rotating_equilibrium_references.py::test_axis_safety_factor_and_elongation_are_unchanged_by_rotation[moderate-rotation-conventional],not_run,unobserved
tests/test_rotating_equilibrium_references.py::test_axis_safety_factor_and_elongation_are_unchanged_by_rotation[strong-rotation-compact],not_run,unobserved
tests/test_rotating_equilibrium_references.py::test_axis_safety_factor_and_elongation_are_unchanged_by_rotation[weak-rotation-reactor],not_run,unobserved
tests/test_rotating_equilibrium_references.py::test_axis_safety_factor_matches_the_contour_quadrature[moderate-rotation-conventional],not_run,unobserved
tests/test_rotating_equilibrium_references.py::test_axis_safety_factor_matches_the_contour_quadrature[strong-rotation-compact],not_run,unobserved
tests/test_rotating_equilibrium_references.py::test_axis_safety_factor_matches_the_contour_quadrature[weak-rotation-reactor],not_run,unobserved
tests/test_rotating_equilibrium_references.py::test_boundary_radii_match_the_lambert_closed_form[moderate-rotation-conventional],not_run,unobserved
tests/test_rotating_equilibrium_references.py::test_boundary_radii_match_the_lambert_closed_form[strong-rotation-compact],not_run,unobserved
tests/test_rotating_equilibrium_references.py::test_boundary_radii_match_the_lambert_closed_form[weak-rotation-reactor],not_run,unobserved
tests/test_rotating_equilibrium_references.py::test_density_and_pressure_pile_up_on_the_outboard_side[moderate-rotation-conventional],not_run,unobserved
tests/test_rotating_equilibrium_references.py::test_density_and_pressure_pile_up_on_the_outboard_side[strong-rotation-compact],not_run,unobserved
tests/test_rotating_equilibrium_references.py::test_density_and_pressure_pile_up_on_the_outboard_side[weak-rotation-reactor],not_run,unobserved
tests/test_rotating_equilibrium_references.py::test_finite_difference_residual_converges_at_fourth_order[moderate-rotation-conventional],not_run,unobserved
tests/test_rotating_equilibrium_references.py::test_finite_difference_residual_converges_at_fourth_order[strong-rotation-compact],not_run,unobserved
tests/test_rotating_equilibrium_references.py::test_finite_difference_residual_converges_at_fourth_order[weak-rotation-reactor],not_run,unobserved
tests/test_rotating_equilibrium_references.py::test_flux_approaches_the_static_limit_linearly_in_the_rotation_parameter[moderate-rotation-conventional],not_run,unobserved
tests/test_rotating_equilibrium_references.py::test_flux_approaches_the_static_limit_linearly_in_the_rotation_parameter[strong-rotation-compact],not_run,unobserved
tests/test_rotating_equilibrium_references.py::test_flux_approaches_the_static_limit_linearly_in_the_rotation_parameter[weak-rotation-reactor],not_run,unobserved
tests/test_rotating_equilibrium_references.py::test_low_mach_truncation_leaves_a_quadratic_rotation_remainder[moderate-rotation-conventional],not_run,unobserved
tests/test_rotating_equilibrium_references.py::test_low_mach_truncation_leaves_a_quadratic_rotation_remainder[strong-rotation-compact],not_run,unobserved
tests/test_rotating_equilibrium_references.py::test_low_mach_truncation_leaves_a_quadratic_rotation_remainder[weak-rotation-reactor],not_run,unobserved
tests/test_rotating_equilibrium_references.py::test_magnetic_axis_is_exact_and_independent_of_rotation[moderate-rotation-conventional],not_run,unobserved
tests/test_rotating_equilibrium_references.py::test_magnetic_axis_is_exact_and_independent_of_rotation[strong-rotation-compact],not_run,unobserved
tests/test_rotating_equilibrium_references.py::test_magnetic_axis_is_exact_and_independent_of_rotation[weak-rotation-reactor],not_run,unobserved
tests/test_rotating_equilibrium_references.py::test_orientation_and_sign_conventions_are_pinned[moderate-rotation-conventional],not_run,unobserved
tests/test_rotating_equilibrium_references.py::test_orientation_and_sign_conventions_are_pinned[strong-rotation-compact],not_run,unobserved
tests/test_rotating_equilibrium_references.py::test_orientation_and_sign_conventions_are_pinned[weak-rotation-reactor],not_run,unobserved
tests/test_rotating_equilibrium_references.py::test_plasma_current_matches_amperes_law[moderate-rotation-conventional],not_run,unobserved
tests/test_rotating_equilibrium_references.py::test_plasma_current_matches_amperes_law[strong-rotation-compact],not_run,unobserved
tests/test_rotating_equilibrium_references.py::test_plasma_current_matches_amperes_law[weak-rotation-reactor],not_run,unobserved
tests/test_rotating_equilibrium_references.py::test_pressure_major_radius_factor_follows_the_isothermal_closure[moderate-rotation-conventional],not_run,unobserved
tests/test_rotating_equilibrium_references.py::test_pressure_major_radius_factor_follows_the_isothermal_closure[strong-rotation-compact],not_run,unobserved
tests/test_rotating_equilibrium_references.py::test_pressure_major_radius_factor_follows_the_isothermal_closure[weak-rotation-reactor],not_run,unobserved
tests/test_rotating_equilibrium_references.py::test_reactor_scale_case_reproduces_its_derived_invariants,not_run,unobserved
tests/test_rotating_equilibrium_references.py::test_references_and_checks_import_no_package_under_test,not_run,unobserved
tests/test_rotating_equilibrium_references.py::test_rotation_increases_the_outward_shafranov_shift[moderate-rotation-conventional],not_run,unobserved
tests/test_rotating_equilibrium_references.py::test_rotation_increases_the_outward_shafranov_shift[strong-rotation-compact],not_run,unobserved
tests/test_rotating_equilibrium_references.py::test_rotation_increases_the_outward_shafranov_shift[weak-rotation-reactor],not_run,unobserved
tests/test_rotating_equilibrium_references.py::test_shape_anchors_survive_a_mach_number_rebuild[moderate-rotation-conventional],not_run,unobserved
tests/test_rotating_equilibrium_references.py::test_shape_anchors_survive_a_mach_number_rebuild[strong-rotation-compact],not_run,unobserved
tests/test_rotating_equilibrium_references.py::test_shape_anchors_survive_a_mach_number_rebuild[weak-rotation-reactor],not_run,unobserved
tests/test_rotating_equilibrium_references.py::test_static_limit_reproduces_the_solovev_closed_form[moderate-rotation-conventional],not_run,unobserved
tests/test_rotating_equilibrium_references.py::test_static_limit_reproduces_the_solovev_closed_form[strong-rotation-compact],not_run,unobserved
tests/test_rotating_equilibrium_references.py::test_static_limit_reproduces_the_solovev_closed_form[weak-rotation-reactor],not_run,unobserved
tests/test_rotating_equilibrium_references.py::test_surface_quadratures_are_node_independent[moderate-rotation-conventional],not_run,unobserved
tests/test_rotating_equilibrium_references.py::test_surface_quadratures_are_node_independent[strong-rotation-compact],not_run,unobserved
tests/test_rotating_equilibrium_references.py::test_surface_quadratures_are_node_independent[weak-rotation-reactor],not_run,unobserved
tests/test_rotating_equilibrium_references.py::test_thermal_mach_number_is_uniform_across_flux_surfaces[moderate-rotation-conventional],not_run,unobserved
tests/test_rotating_equilibrium_references.py::test_thermal_mach_number_is_uniform_across_flux_surfaces[strong-rotation-compact],not_run,unobserved
tests/test_rotating_equilibrium_references.py::test_thermal_mach_number_is_uniform_across_flux_surfaces[weak-rotation-reactor],not_run,unobserved
tests/test_rotating_equilibrium_references.py::test_toroidal_current_from_the_operator_matches_the_source_form[moderate-rotation-conventional],not_run,unobserved
tests/test_rotating_equilibrium_references.py::test_toroidal_current_from_the_operator_matches_the_source_form[strong-rotation-compact],not_run,unobserved
tests/test_rotating_equilibrium_references.py::test_toroidal_current_from_the_operator_matches_the_source_form[weak-rotation-reactor],not_run,unobserved
tests/test_saddle_partition.py::test_branch_profiles_remove_the_audited_single_chord_current_error,not_run,unobserved
tests/test_saddle_partition.py::test_four_crossing_saddle_partitions_cell_with_explicit_branch_vertex,not_run,unobserved
tests/test_saddle_partition.py::test_traced_support_contract_is_additive_and_keeps_existing_shapes,not_run,unobserved
tests/test_select.py::test_coil,not_run,unobserved
tests/test_select.py::test_ferritic,not_run,unobserved
tests/test_select.py::test_fix,not_run,unobserved
tests/test_select.py::test_generate_false,not_run,unobserved
tests/test_select.py::test_generate_false_attrs,not_run,unobserved
tests/test_select.py::test_plasma_subspace,not_run,unobserved
tests/test_select.py::test_select_subspace,not_run,unobserved
tests/test_shellgrid.py::test_bump_sharp_corners,not_run,unobserved
tests/test_shellgrid.py::test_circle_rdp_features,not_run,unobserved
tests/test_shellgrid.py::test_circle_rdp_features_upscale,not_run,unobserved
tests/test_shellgrid.py::test_frame_columns,not_run,unobserved
tests/test_shellgrid.py::test_min_ndiv,not_run,unobserved
tests/test_shellgrid.py::test_negative_ndiv,not_run,unobserved
tests/test_shellgrid.py::test_negative_thickness_input_error,not_run,unobserved
tests/test_shellgrid.py::test_subsegment_length,not_run,unobserved
tests/test_shellgrid.py::test_thickness_max_space,not_run,unobserved
tests/test_shellgrid.py::test_thickness_max_space_subsegment,not_run,unobserved
tests/test_shellgrid.py::test_unequal_input_error,not_run,unobserved
tests/test_shellgrid.py::test_zero_thickness_input_error,not_run,unobserved
tests/test_sol_closure.py::test_dual_length_tail_and_measured_support_extent,not_run,unobserved
tests/test_sol_closure.py::test_eich_width_uses_the_equilibrium_outboard_midplane_field,not_run,unobserved
tests/test_sol_closure.py::test_material_bounded_support_is_only_valid_for_common_sol,not_run,unobserved
tests/test_sol_closure.py::test_material_mask_is_the_only_common_sol_support,not_run,unobserved
tests/test_sol_closure.py::test_sol_current_matches_confined_value_and_first_derivative[0],not_run,unobserved
tests/test_sol_closure.py::test_sol_current_matches_confined_value_and_first_derivative[1],not_run,unobserved
tests/test_solovev_recovery_gates.py::test_a_flat_excess_fails_even_below_every_absolute_bound,not_run,unobserved
tests/test_solovev_recovery_gates.py::test_the_reduced_oracle_is_a_seconds_class_roundoff_fixed_point,not_run,unobserved
tests/test_space.py::test_arc_start_axes,not_run,unobserved
tests/test_space.py::test_line_and_arc,not_run,unobserved
tests/test_space.py::test_line_start_axes,not_run,unobserved
tests/test_space.py::test_segments_not_implemented,not_run,unobserved
tests/test_stencil_nulls.py::test_axis_gradient_is_finite,not_run,unobserved
tests/test_stencil_nulls.py::test_axis_is_a_gaussian_peak,not_run,unobserved
tests/test_stencil_nulls.py::test_batch_order_and_scalar_adapter_agree,not_run,unobserved
tests/test_stencil_nulls.py::test_classifier_finds_o_and_x,not_run,unobserved
tests/test_stencil_nulls.py::test_cpu_gpu_candidate_metadata_and_coordinates_match,not_run,unobserved
tests/test_stencil_nulls.py::test_equilibrium_module_is_the_only_stencil_implementation,not_run,unobserved
tests/test_stencil_nulls.py::test_extra_mask_restricts_candidates,not_run,unobserved
tests/test_stencil_nulls.py::test_fieldnull_result_is_independent_of_connectivity_import_order,not_run,unobserved
tests/test_stencil_nulls.py::test_hex_plasma_stencil_classifies_saddle_and_has_full_rank_fit,not_run,unobserved
tests/test_stencil_nulls.py::test_host_float64_field_keeps_the_device_axis_contract,not_run,unobserved
tests/test_stencil_nulls.py::test_native_degree_collapses_legacy_duplicates_and_reports_overflow,not_run,unobserved
tests/test_stencil_nulls.py::test_normalized_fp32_fit_is_stable_at_iter_scale_coordinates,not_run,unobserved
tests/test_stencil_nulls.py::test_plateau_is_absent_and_noise_candidates_remain_unresolved,not_run,unobserved
tests/test_stencil_nulls.py::test_weak_native_candidate_is_retained_before_confidence_resolution,not_run,unobserved
tests/test_stencil_nulls.py::test_xpoint_subgrid_matches_symmetry,not_run,unobserved
tests/test_strike.py::test_divertor_multi,not_run,unobserved
tests/test_strike.py::test_divertor_single,not_run,unobserved
tests/test_strike.py::test_main_chamber_number,not_run,unobserved
tests/test_strike.py::test_main_multi_limiter,not_run,unobserved
tests/test_subspace.py::test_frame,not_run,unobserved
tests/test_subspace.py::test_get_at,not_run,unobserved
tests/test_subspace.py::test_get_at_keyerror,not_run,unobserved
tests/test_subspace.py::test_get_frame,not_run,unobserved
tests/test_subspace.py::test_get_iat_indexerror,not_run,unobserved
tests/test_subspace.py::test_getattr,not_run,unobserved
tests/test_subspace.py::test_getitem,not_run,unobserved
tests/test_subspace.py::test_iloc,not_run,unobserved
tests/test_subspace.py::test_init,not_run,unobserved
tests/test_subspace.py::test_insert_negative_factor_Ic,not_run,unobserved
tests/test_subspace.py::test_len,not_run,unobserved
tests/test_subspace.py::test_link_lock,not_run,unobserved
tests/test_subspace.py::test_loc,not_run,unobserved
tests/test_subspace.py::test_loc_error,not_run,unobserved
tests/test_subspace.py::test_loc_slice,not_run,unobserved
tests/test_subspace.py::test_loc_space_access,not_run,unobserved
tests/test_subspace.py::test_set_It_array,not_run,unobserved
tests/test_subspace.py::test_set_at,not_run,unobserved
tests/test_subspace.py::test_set_iat,not_run,unobserved
tests/test_subspace.py::test_set_iat_not_in_subspace_index_error,not_run,unobserved
tests/test_subspace.py::test_set_iloc_row_subspace_lock_error,not_run,unobserved
tests/test_subspace.py::test_set_iloc_subspace_lock_error,not_run,unobserved
tests/test_subspace.py::test_set_loc_It,not_run,unobserved
tests/test_subspace.py::test_set_loc_label_subspace_lock_error,not_run,unobserved
tests/test_subspace.py::test_set_loc_subspace_Ic,not_run,unobserved
tests/test_subspace.py::test_set_loc_subspace_Ic_It,not_run,unobserved
tests/test_subspace.py::test_set_loc_subspace_column_error,not_run,unobserved
tests/test_subspace.py::test_set_loc_subspace_lock_error,not_run,unobserved
tests/test_subspace.py::test_set_subspace_Ic_It_repr,not_run,unobserved
tests/test_subspace.py::test_setattr,not_run,unobserved
tests/test_subspace.py::test_setattr_current,not_run,unobserved
tests/test_subspace.py::test_setattr_error,not_run,unobserved
tests/test_subspace.py::test_setattr_value_error,not_run,unobserved
tests/test_subspace.py::test_setitem,not_run,unobserved
tests/test_subspace.py::test_setitem_value_error,not_run,unobserved
tests/test_subspace.py::test_subarray,not_run,unobserved
tests/test_subspace.py::test_subspace_Ic,not_run,unobserved
tests/test_subspace.py::test_subspace_intersect_columns,not_run,unobserved
tests/test_subspace.py::test_subspace_lock,not_run,unobserved
tests/test_sultan.py::test_absent_campaign_reaches_for_the_server,not_run,unobserved
tests/test_sultan.py::test_both_sides_read,not_run,unobserved
tests/test_sultan.py::test_campaign_metadata_is_cached,not_run,unobserved
tests/test_sultan.py::test_campaign_plan,not_run,unobserved
tests/test_sultan.py::test_database_is_shared,not_run,unobserved
tests/test_sultan.py::test_experiment,not_run,unobserved
tests/test_sultan.py::test_fitfluid_recovers_a_known_model,not_run,unobserved
tests/test_sultan.py::test_fitfluid_reduces_the_residual,not_run,unobserved
tests/test_sultan.py::test_fitfluid_rejects_an_unknown_optimizer,not_run,unobserved
tests/test_sultan.py::test_fitfluid_reports_every_declared_coefficient,not_run,unobserved
tests/test_sultan.py::test_fitfluid_steadystate_follows_the_dc_gain,not_run,unobserved
tests/test_sultan.py::test_fluidmodel_settles_on_the_dc_gain,not_run,unobserved
tests/test_sultan.py::test_fluidprofile_fits_a_cached_shot,not_run,unobserved
tests/test_sultan.py::test_heatindex_brackets_the_pulse,not_run,unobserved
tests/test_sultan.py::test_mode,not_run,unobserved
tests/test_sultan.py::test_mode_splits_the_phase_index,not_run,unobserved
tests/test_sultan.py::test_model_dc_gain,not_run,unobserved
tests/test_sultan.py::test_model_dc_gain_step,not_run,unobserved
tests/test_sultan.py::test_model_delay_boolean,not_run,unobserved
tests/test_sultan.py::test_model_delay_update,not_run,unobserved
tests/test_sultan.py::test_model_rejects_a_short_seed,not_run,unobserved
tests/test_sultan.py::test_no_credentials_refuses_the_connection,not_run,unobserved
tests/test_sultan.py::test_notes_index_the_shot_files,not_run,unobserved
tests/test_sultan.py::test_phase,not_run,unobserved
tests/test_sultan.py::test_phase_name_out_of_range,not_run,unobserved
tests/test_sultan.py::test_profile_offset,not_run,unobserved
tests/test_sultan.py::test_profile_reports_a_steady_shot,not_run,unobserved
tests/test_sultan.py::test_rejects_unknown_mode,not_run,unobserved
tests/test_sultan.py::test_sampledataframe_lowpass_filter,not_run,unobserved
tests/test_sultan.py::test_samplenumber,not_run,unobserved
tests/test_sultan.py::test_set_mode,not_run,unobserved
tests/test_sultan.py::test_shot_change_reloads_the_profile,not_run,unobserved
tests/test_sultan.py::test_shot_out_of_range,not_run,unobserved
tests/test_sultan.py::test_shot_phase_name,not_run,unobserved
tests/test_sultan.py::test_side_out_of_range,not_run,unobserved
tests/test_sultan.py::test_sourcedata_name,not_run,unobserved
tests/test_sultan.py::test_sourcedata_update,not_run,unobserved
tests/test_sultan.py::test_sultandata_update,not_run,unobserved
tests/test_sultan.py::test_trial_update,not_run,unobserved
tests/test_sultan.py::test_waveform_carries_the_excitation_amplitudes,not_run,unobserved
tests/test_sultan.py::test_waveform_zeroes_the_input_outside_the_pulse,not_run,unobserved
tests/test_tensor_spline.py::test_cell_coefficients_are_c2_across_every_interior_boundary,not_run,unobserved
tests/test_tensor_spline.py::test_jit_eager_and_vmap_keep_fixed_shapes,not_run,unobserved
tests/test_tensor_spline.py::test_point_gradient_with_respect_to_map_matches_finite_difference,not_run,unobserved
tests/test_tensor_spline.py::test_values_gradient_and_hessian_match_scipy[STEP_SPP_001_ECHD_ftop.eqdsk],not_run,unobserved
tests/test_tensor_spline.py::test_values_gradient_and_hessian_match_scipy[analytic],not_run,unobserved
tests/test_tensor_spline.py::test_values_gradient_and_hessian_match_scipy[iterhybrid_cocos17.eqdsk],not_run,unobserved
tests/test_thermalhydralic.py::test_coldtest_caches_the_conditioned_group,not_run,unobserved
tests/test_thermalhydralic.py::test_coldtest_indexes_on_the_timestamp,not_run,unobserved
tests/test_thermalhydralic.py::test_coldtest_recovers_the_current_squared_law,not_run,unobserved
tests/test_thermalhydralic.py::test_coldtest_splits_channels_by_sensor_and_unit,not_run,unobserved
tests/test_thermalhydralic.py::test_coldtest_zeroes_the_channel_on_the_first_samples,not_run,unobserved
tests/test_thermalhydralic.py::test_frequency_response_corner_falls_three_decibel,not_run,unobserved
tests/test_thermalhydralic.py::test_frequency_response_labels_successive_datasets,not_run,unobserved
tests/test_thermalhydralic.py::test_frequency_response_magnitude_matches_analytic_lag,not_run,unobserved
tests/test_thermalhydralic.py::test_frequency_response_rejects_duplicate_label,not_run,unobserved
tests/test_thermalhydralic.py::test_frequency_response_rolls_off_twenty_decibel_per_decade,not_run,unobserved
tests/test_thermalhydralic.py::test_frequency_response_row_per_sample,not_run,unobserved
tests/test_thermalhydralic.py::test_frequency_response_sorts_on_frequency,not_run,unobserved
tests/test_thermalhydralic.py::test_lumped_capacitance_recovers_time_constant,not_run,unobserved
tests/test_thermalhydralic.py::test_lumped_capacitance_solves_analytic_exponential,not_run,unobserved
tests/test_thermalhydralic.py::test_module_imports[nova.thermalhydralic.attributes],not_run,unobserved
tests/test_thermalhydralic.py::test_module_imports[nova.thermalhydralic.cold_test],not_run,unobserved
tests/test_thermalhydralic.py::test_module_imports[nova.thermalhydralic.frequencyresponse],not_run,unobserved
tests/test_thermalhydralic.py::test_module_imports[nova.thermalhydralic.lumpedparameter],not_run,unobserved
tests/test_thermalhydralic.py::test_module_imports[nova.thermalhydralic.naka.database],not_run,unobserved
tests/test_thermalhydralic.py::test_module_imports[nova.thermalhydralic.naka.localdata],not_run,unobserved
tests/test_thermalhydralic.py::test_module_imports[nova.thermalhydralic.naka.nakadata],not_run,unobserved
tests/test_thermalhydralic.py::test_module_imports[nova.thermalhydralic.naka.nakaserver],not_run,unobserved
tests/test_thermalhydralic.py::test_module_imports[nova.thermalhydralic.naka.pipeline],not_run,unobserved
tests/test_thermalhydralic.py::test_module_imports[nova.thermalhydralic.naka.sampledata],not_run,unobserved
tests/test_thermalhydralic.py::test_module_imports[nova.thermalhydralic.naka],not_run,unobserved
tests/test_thermalhydralic.py::test_module_imports[nova.thermalhydralic.plotimport],not_run,unobserved
tests/test_thermalhydralic.py::test_module_imports[nova.thermalhydralic.spectrum],not_run,unobserved
tests/test_thermalhydralic.py::test_module_imports[nova.thermalhydralic.sultan.campaign],not_run,unobserved
tests/test_thermalhydralic.py::test_module_imports[nova.thermalhydralic.sultan.clear],not_run,unobserved
tests/test_thermalhydralic.py::test_module_imports[nova.thermalhydralic.sultan.database],not_run,unobserved
tests/test_thermalhydralic.py::test_module_imports[nova.thermalhydralic.sultan.ensemble],not_run,unobserved
tests/test_thermalhydralic.py::test_module_imports[nova.thermalhydralic.sultan.field],not_run,unobserved
tests/test_thermalhydralic.py::test_module_imports[nova.thermalhydralic.sultan.fitfluid],not_run,unobserved
tests/test_thermalhydralic.py::test_module_imports[nova.thermalhydralic.sultan.fluidmodel],not_run,unobserved
tests/test_thermalhydralic.py::test_module_imports[nova.thermalhydralic.sultan.fluidprofile],not_run,unobserved
tests/test_thermalhydralic.py::test_module_imports[nova.thermalhydralic.sultan.heatindex],not_run,unobserved
tests/test_thermalhydralic.py::test_module_imports[nova.thermalhydralic.sultan.localdata],not_run,unobserved
tests/test_thermalhydralic.py::test_module_imports[nova.thermalhydralic.sultan.model],not_run,unobserved
tests/test_thermalhydralic.py::test_module_imports[nova.thermalhydralic.sultan.phase],not_run,unobserved
tests/test_thermalhydralic.py::test_module_imports[nova.thermalhydralic.sultan.profile],not_run,unobserved
tests/test_thermalhydralic.py::test_module_imports[nova.thermalhydralic.sultan.remotedata],not_run,unobserved
tests/test_thermalhydralic.py::test_module_imports[nova.thermalhydralic.sultan.sample],not_run,unobserved
tests/test_thermalhydralic.py::test_module_imports[nova.thermalhydralic.sultan.sampledata],not_run,unobserved
tests/test_thermalhydralic.py::test_module_imports[nova.thermalhydralic.sultan.sourcedata],not_run,unobserved
tests/test_thermalhydralic.py::test_module_imports[nova.thermalhydralic.sultan.sultandata],not_run,unobserved
tests/test_thermalhydralic.py::test_module_imports[nova.thermalhydralic.sultan.sultanspectrum],not_run,unobserved
tests/test_thermalhydralic.py::test_module_imports[nova.thermalhydralic.sultan.trial],not_run,unobserved
tests/test_thermalhydralic.py::test_module_imports[nova.thermalhydralic.sultan.waveform],not_run,unobserved
tests/test_thermalhydralic.py::test_module_imports[nova.thermalhydralic.sultan],not_run,unobserved
tests/test_thermalhydralic.py::test_module_imports[nova.thermalhydralic.twente.twentedata],not_run,unobserved
tests/test_thermalhydralic.py::test_module_imports[nova.thermalhydralic.twente],not_run,unobserved
tests/test_topology_read_equivalence.py::test_coarse_iteration_preserves_the_full_resolution_emit,not_run,unobserved
tests/test_topology_read_equivalence.py::test_first_read_and_bracket_miss_use_the_cold_sweep,not_run,unobserved
tests/test_topology_read_equivalence.py::test_warm_bracket_reproduces_cold_binding_levels_exactly,not_run,unobserved
tests/test_transport_cocos.py::test_each_independent_sign_round_trips_through_torax[f],not_run,unobserved
tests/test_transport_cocos.py::test_each_independent_sign_round_trips_through_torax[ffprime],not_run,unobserved
tests/test_transport_cocos.py::test_each_independent_sign_round_trips_through_torax[ip],not_run,unobserved
tests/test_transport_cocos.py::test_each_independent_sign_round_trips_through_torax[phi],not_run,unobserved
tests/test_transport_cocos.py::test_each_independent_sign_round_trips_through_torax[pprime],not_run,unobserved
tests/test_transport_cocos.py::test_each_independent_sign_round_trips_through_torax[psi],not_run,unobserved
tests/test_transport_coupled_window.py::test_converged_and_cap_one_windows_share_one_measured_coupling_axis,not_run,unobserved
tests/test_transport_coupled_window.py::test_coreless_branch_outcome_names_its_sample_and_window_exchange,not_run,unobserved
tests/test_transport_coupled_window.py::test_equilibrium_sweep_consumes_interpolated_sources_and_returns_receipts,not_run,unobserved
tests/test_transport_coupled_window.py::test_nonconverging_window_serializes_its_exhaustion_receipt_before_raising,not_run,unobserved
tests/test_transport_coupled_window.py::test_profile_time_interpolation_stays_on_normalised_radial_coordinates,not_run,unobserved
tests/test_transport_coupled_window.py::test_transport_sweep_matches_the_equivalent_interpolated_facade_interval,not_run,unobserved
tests/test_transport_coupled_window.py::test_window_receipt_closes_flux_and_boundary_current_ledgers,not_run,unobserved
tests/test_transport_ensemble.py::test_batched_member_gradient_matches_scalar_path,not_run,unobserved
tests/test_transport_ensemble.py::test_jitted_and_eager_batches_agree[native-psi-diffusion],not_run,unobserved
tests/test_transport_ensemble.py::test_jitted_and_eager_batches_agree[torax-multi-channel],not_run,unobserved
tests/test_transport_ensemble.py::test_member_state_batch_is_immutable_and_rejects_ambiguous_identity,not_run,unobserved
tests/test_transport_ensemble.py::test_vmapped_members_match_scalar_loop_and_keep_identity[native-psi-diffusion],not_run,unobserved
tests/test_transport_ensemble.py::test_vmapped_members_match_scalar_loop_and_keep_identity[torax-multi-channel],not_run,unobserved
tests/test_transport_environment.py::test_nova_transport_and_torax_share_the_expected_jax_runtime,not_run,unobserved
tests/test_transport_evolved_state.py::test_mapped_source_converges_with_force_and_current_receipts,not_run,unobserved
tests/test_transport_evolved_state.py::test_mapping_crosses_the_callable_source_boundary_with_si_primitives,not_run,unobserved
tests/test_transport_evolved_state.py::test_mapping_restores_the_negated_total_flux_gradient_sense,not_run,unobserved
tests/test_transport_evolved_state.py::test_real_torax_receipt_aligns_cell_and_face_radial_grids,not_run,unobserved
tests/test_transport_geometry.py::test_direct_adapter_matches_torax_reader_run,not_run,unobserved
tests/test_transport_geometry.py::test_direct_adapter_refuses_nonuniform_radial_grid_under_jit,not_run,unobserved
tests/test_transport_geometry.py::test_extended_columns_match_shaped_analytic_references_and_batch,not_run,unobserved
tests/test_transport_geometry.py::test_uniform_grid_callback_is_host_only_and_carries_radial_tangent,not_run,unobserved
tests/test_transport_geometry_reference.py::test_clipped_cells_match_independent_contour_geometry,not_run,unobserved
tests/test_transport_geometry_reference.py::test_iterhybrid_twins_recover_pinned_cocos_seventeen[iterhybrid_cocos02.eqdsk-2],not_run,unobserved
tests/test_transport_geometry_reference.py::test_iterhybrid_twins_recover_pinned_cocos_seventeen[iterhybrid_cocos11.eqdsk-11],not_run,unobserved
tests/test_transport_geometry_reference.py::test_mast_efm_geometry_matches_host_contour_route,not_run,unobserved
tests/test_transport_geometry_reference.py::test_nova_fsa_matches_torax_eqdsk_reader[STEP_SPP_001_ECHD_ftop.eqdsk-1],not_run,unobserved
tests/test_transport_geometry_reference.py::test_nova_fsa_matches_torax_eqdsk_reader[iterhybrid_cocos17.eqdsk-17],not_run,unobserved
tests/test_transport_public_surface.py::test_all_ladder_entry_points_import_from_transport_package,not_run,unobserved
tests/test_transport_public_surface.py::test_every_declared_public_name_imports_from_transport_package,not_run,unobserved
tests/test_transport_window_gradients.py::test_implicit_gradient_matches_finite_difference_across_caps_and_geometry,not_run,unobserved
tests/test_two_class_recovery.py::test_cold_seed_receipts_keep_one_fixed_branch_axis_under_vmap,not_run,unobserved
tests/test_uri.py::test_append_uri_fragment,not_run,unobserved
tests/test_uri.py::test_data_entry,not_run,unobserved
tests/test_uri.py::test_home_public,not_run,unobserved
tests/test_uri.py::test_home_user,not_run,unobserved
tests/test_uri.py::test_ids_path,not_run,unobserved
tests/test_uri.py::test_uri_attrs,not_run,unobserved
tests/test_uri.py::test_uri_format[imas-None-assci-None-None],not_run,unobserved
tests/test_uri.py::test_uri_format[imas-None-assci-None-equilibrium:0/ids_path],not_run,unobserved
tests/test_uri.py::test_uri_format[imas-None-assci-None-equilibrium:0],not_run,unobserved
tests/test_uri.py::test_uri_format[imas-None-assci-None-pf_passive],not_run,unobserved
tests/test_uri.py::test_uri_format[imas-None-assci-None-wall/path/to/data],not_run,unobserved
tests/test_uri.py::test_uri_format[imas-None-assci-user=public;pulse=17151;run=4;database=aug;version=3-None],not_run,unobserved
tests/test_uri.py::test_uri_format[imas-None-assci-user=public;pulse=17151;run=4;database=aug;version=3-equilibrium:0/ids_path],not_run,unobserved
tests/test_uri.py::test_uri_format[imas-None-assci-user=public;pulse=17151;run=4;database=aug;version=3-equilibrium:0],not_run,unobserved
tests/test_uri.py::test_uri_format[imas-None-assci-user=public;pulse=17151;run=4;database=aug;version=3-pf_passive],not_run,unobserved
tests/test_uri.py::test_uri_format[imas-None-assci-user=public;pulse=17151;run=4;database=aug;version=3-wall/path/to/data],not_run,unobserved
tests/test_uri.py::test_uri_format[imas-None-hdf5-None-None],not_run,unobserved
tests/test_uri.py::test_uri_format[imas-None-hdf5-None-equilibrium:0/ids_path],not_run,unobserved
tests/test_uri.py::test_uri_format[imas-None-hdf5-None-equilibrium:0],not_run,unobserved
tests/test_uri.py::test_uri_format[imas-None-hdf5-None-pf_passive],not_run,unobserved
tests/test_uri.py::test_uri_format[imas-None-hdf5-None-wall/path/to/data],not_run,unobserved
tests/test_uri.py::test_uri_format[imas-None-hdf5-user=public;pulse=17151;run=4;database=aug;version=3-None],not_run,unobserved
tests/test_uri.py::test_uri_format[imas-None-hdf5-user=public;pulse=17151;run=4;database=aug;version=3-equilibrium:0/ids_path],not_run,unobserved
tests/test_uri.py::test_uri_format[imas-None-hdf5-user=public;pulse=17151;run=4;database=aug;version=3-equilibrium:0],not_run,unobserved
tests/test_uri.py::test_uri_format[imas-None-hdf5-user=public;pulse=17151;run=4;database=aug;version=3-pf_passive],not_run,unobserved
tests/test_uri.py::test_uri_format[imas-None-hdf5-user=public;pulse=17151;run=4;database=aug;version=3-wall/path/to/data],not_run,unobserved
tests/test_uri.py::test_uri_format[imas-mcintos@sdcc-login04:22-assci-None-None],not_run,unobserved
tests/test_uri.py::test_uri_format[imas-mcintos@sdcc-login04:22-assci-None-equilibrium:0/ids_path],not_run,unobserved
tests/test_uri.py::test_uri_format[imas-mcintos@sdcc-login04:22-assci-None-equilibrium:0],not_run,unobserved
tests/test_uri.py::test_uri_format[imas-mcintos@sdcc-login04:22-assci-None-pf_passive],not_run,unobserved
tests/test_uri.py::test_uri_format[imas-mcintos@sdcc-login04:22-assci-None-wall/path/to/data],not_run,unobserved
tests/test_uri.py::test_uri_format[imas-mcintos@sdcc-login04:22-assci-user=public;pulse=17151;run=4;database=aug;version=3-None],not_run,unobserved
tests/test_uri.py::test_uri_format[imas-mcintos@sdcc-login04:22-assci-user=public;pulse=17151;run=4;database=aug;version=3-equilibrium:0/ids_path],not_run,unobserved
tests/test_uri.py::test_uri_format[imas-mcintos@sdcc-login04:22-assci-user=public;pulse=17151;run=4;database=aug;version=3-equilibrium:0],not_run,unobserved
tests/test_uri.py::test_uri_format[imas-mcintos@sdcc-login04:22-assci-user=public;pulse=17151;run=4;database=aug;version=3-pf_passive],not_run,unobserved
tests/test_uri.py::test_uri_format[imas-mcintos@sdcc-login04:22-assci-user=public;pulse=17151;run=4;database=aug;version=3-wall/path/to/data],not_run,unobserved
tests/test_uri.py::test_uri_format[imas-mcintos@sdcc-login04:22-hdf5-None-None],not_run,unobserved
tests/test_uri.py::test_uri_format[imas-mcintos@sdcc-login04:22-hdf5-None-equilibrium:0/ids_path],not_run,unobserved
tests/test_uri.py::test_uri_format[imas-mcintos@sdcc-login04:22-hdf5-None-equilibrium:0],not_run,unobserved
tests/test_uri.py::test_uri_format[imas-mcintos@sdcc-login04:22-hdf5-None-pf_passive],not_run,unobserved
tests/test_uri.py::test_uri_format[imas-mcintos@sdcc-login04:22-hdf5-None-wall/path/to/data],not_run,unobserved
tests/test_uri.py::test_uri_format[imas-mcintos@sdcc-login04:22-hdf5-user=public;pulse=17151;run=4;database=aug;version=3-None],not_run,unobserved
tests/test_uri.py::test_uri_format[imas-mcintos@sdcc-login04:22-hdf5-user=public;pulse=17151;run=4;database=aug;version=3-equilibrium:0/ids_path],not_run,unobserved
tests/test_uri.py::test_uri_format[imas-mcintos@sdcc-login04:22-hdf5-user=public;pulse=17151;run=4;database=aug;version=3-equilibrium:0],not_run,unobserved
tests/test_uri.py::test_uri_format[imas-mcintos@sdcc-login04:22-hdf5-user=public;pulse=17151;run=4;database=aug;version=3-pf_passive],not_run,unobserved
tests/test_uri.py::test_uri_format[imas-mcintos@sdcc-login04:22-hdf5-user=public;pulse=17151;run=4;database=aug;version=3-wall/path/to/data],not_run,unobserved
tests/test_volume.py::test_a_sweep_keeps_its_corner_loops_at_double_precision,not_run,unobserved
tests/test_volume.py::test_cell_closed,not_run,unobserved
tests/test_volume.py::test_cell_type,not_run,unobserved
tests/test_volume.py::test_cell_volume,not_run,unobserved
tests/test_volume.py::test_collapse_collinear_keeps_the_corners_and_drops_the_rest,not_run,unobserved
tests/test_volume.py::test_collapse_collinear_leaves_a_finely_resolved_curve_alone,not_run,unobserved
tests/test_volume.py::test_rotate_to_axes,not_run,unobserved
tests/test_volume.py::test_section_rotate_pi,not_run,unobserved
tests/test_volume.py::test_section_rotate_rotate,not_run,unobserved
tests/test_volume.py::test_section_rotate_triad,not_run,unobserved
tests/test_volume.py::test_section_translate,not_run,unobserved
tests/test_volume.py::test_sweep,not_run,unobserved
tests/test_volume.py::test_sweep_keeps_the_sections_width_radial_and_its_height_vertical[axes],not_run,unobserved
tests/test_volume.py::test_sweep_keeps_the_sections_width_radial_and_its_height_vertical[vector],not_run,unobserved
tests/test_volume.py::test_the_footprint_of_a_concave_section_stays_concave,not_run,unobserved
tests/test_volume.py::test_the_footprint_of_a_constant_radius_sweep_is_the_section,not_run,unobserved
tests/test_volume.py::test_to_axes[x-1.0471975511965976],not_run,unobserved
tests/test_volume.py::test_to_axes[xyz-angles1],not_run,unobserved
tests/test_volume.py::test_to_axes[xz-angles2],not_run,unobserved
tests/test_volume.py::test_to_axes[zy-angles3],not_run,unobserved
tests/test_volume.py::test_to_axes_to_axes,not_run,unobserved
tests/test_vtk.py::test_add_single_area_vtk,not_run,unobserved
tests/test_vtk.py::test_add_single_framearea_rotate_vtk,not_run,unobserved
tests/test_vtk.py::test_add_single_polyarea_rotate_vtk,not_run,unobserved
tests/test_vtk.py::test_add_single_volume_vtk,not_run,unobserved
tests/test_vtk.py::test_box_bounds,not_run,unobserved
tests/test_vtk.py::test_coilset_default_vtk,not_run,unobserved
tests/test_vtk.py::test_poly_vtk,not_run,unobserved
tests/test_vtk.py::test_save_load_vtk,not_run,unobserved
tests/test_vtk.py::test_vtk_from_poly,not_run,unobserved
tests/test_vtk.py::test_vtk_poly,not_run,unobserved
tests/test_vtk.py::test_vtk_skin,not_run,unobserved
tests/test_wall_mask.py::test_densify_units_spacing_and_tags,not_run,unobserved
tests/test_wall_mask.py::test_fat_tile_no_thin_diagnostic,not_run,unobserved
tests/test_wall_mask.py::test_gap_merge_diagnostic_fires,not_run,unobserved
tests/test_wall_mask.py::test_material_tile_excises_cells,not_run,unobserved
tests/test_wall_mask.py::test_no_units_yields_no_wall_sentinel,not_run,unobserved
tests/test_wall_mask.py::test_open_line_primitive_marks_crossed_cells,not_run,unobserved
tests/test_wall_mask.py::test_single_vessel_reproduces_inside_polygon,not_run,unobserved
tests/test_wall_mask.py::test_thin_blade_leaves_at_least_one_cell,not_run,unobserved
tests/test_wall_mask.py::test_thin_unit_diagnostic_fires,not_run,unobserved
tests/test_winding.py::test_a_hollow_winding_carries_its_core_as_a_linked_negative,not_run,unobserved
tests/test_winding.py::test_a_swept_skin_keeps_its_circular_boundaries,not_run,unobserved
tests/test_winding.py::test_a_thickened_arc_routes_to_the_element_that_can_evaluate_its_section[cross_section0-rectangle-bow],not_run,unobserved
tests/test_winding.py::test_a_thickened_arc_routes_to_the_element_that_can_evaluate_its_section[cross_section1-hexagon-polybow],not_run,unobserved
tests/test_winding.py::test_a_thickened_arc_routes_to_the_element_that_can_evaluate_its_section[cross_section2-disc-polybow],not_run,unobserved
tests/test_winding.py::test_polyplot_subframe,not_run,unobserved
tests/test_winding.py::test_rect_volume_poloidal_plane,not_run,unobserved
tests/test_winding.py::test_rect_volume_toroidal_plane,not_run,unobserved
tests/test_winding.py::test_store_load,not_run,unobserved
tests/test_winding.py::test_the_poly_column_carries_the_area_the_section_encloses[cross_section0],not_run,unobserved
tests/test_winding.py::test_the_poly_column_carries_the_area_the_section_encloses[cross_section1],not_run,unobserved
tests/test_winding.py::test_the_poly_column_carries_the_area_the_section_encloses[cross_section2],not_run,unobserved
