nodeid,first,last
tests/test_biotincompleteelliptic.py::test_the_trip_count_is_bounded_by_the_argument_range_in_both_directions,not_run,unobserved
tests/test_biotincompletemoments.py::test_the_exact_quarter_confluence_uses_the_complete_finite_parts,not_run,unobserved
tests/test_biotincompletemoments.py::test_the_headroom_is_bounded_by_the_closure_in_both_directions,not_run,unobserved
tests/test_biotincompletemoments.py::test_the_plain_moments_reproduce_their_defining_integral[0.001-0.001],not_run,unobserved
tests/test_biotincompletemoments.py::test_the_plain_moments_reproduce_their_defining_integral[0.001-0.01],not_run,unobserved
tests/test_biotincompletemoments.py::test_the_plain_moments_reproduce_their_defining_integral[0.001-0.05],not_run,unobserved
tests/test_biotincompletemoments.py::test_the_plain_moments_reproduce_their_defining_integral[0.001-0.2],not_run,unobserved
tests/test_biotincompletemoments.py::test_the_plain_moments_reproduce_their_defining_integral[0.001-0.4],not_run,unobserved
tests/test_biotincompletemoments.py::test_the_plain_moments_reproduce_their_defining_integral[0.001-0.7],not_run,unobserved
tests/test_biotincompletemoments.py::test_the_plain_moments_reproduce_their_defining_integral[0.001-1.0],not_run,unobserved
tests/test_biotincompletemoments.py::test_the_plain_moments_reproduce_their_defining_integral[0.001-1.5],not_run,unobserved
tests/test_biotincompletemoments.py::test_the_plain_moments_reproduce_their_defining_integral[0.003-0.001],not_run,unobserved
tests/test_biotincompletemoments.py::test_the_plain_moments_reproduce_their_defining_integral[0.003-0.01],not_run,unobserved
tests/test_biotincompletemoments.py::test_the_plain_moments_reproduce_their_defining_integral[0.003-0.05],not_run,unobserved
tests/test_biotincompletemoments.py::test_the_plain_moments_reproduce_their_defining_integral[0.003-0.2],not_run,unobserved
tests/test_biotincompletemoments.py::test_the_plain_moments_reproduce_their_defining_integral[0.003-0.4],not_run,unobserved
tests/test_biotincompletemoments.py::test_the_plain_moments_reproduce_their_defining_integral[0.003-0.7],not_run,unobserved
tests/test_biotincompletemoments.py::test_the_plain_moments_reproduce_their_defining_integral[0.003-1.0],not_run,unobserved
tests/test_biotincompletemoments.py::test_the_plain_moments_reproduce_their_defining_integral[0.003-1.5],not_run,unobserved
tests/test_biotincompletemoments.py::test_the_plain_moments_reproduce_their_defining_integral[0.006-0.001],not_run,unobserved
tests/test_biotincompletemoments.py::test_the_plain_moments_reproduce_their_defining_integral[0.006-0.01],not_run,unobserved
tests/test_biotincompletemoments.py::test_the_plain_moments_reproduce_their_defining_integral[0.006-0.05],not_run,unobserved
tests/test_biotincompletemoments.py::test_the_plain_moments_reproduce_their_defining_integral[0.006-0.2],not_run,unobserved
tests/test_biotincompletemoments.py::test_the_plain_moments_reproduce_their_defining_integral[0.006-0.4],not_run,unobserved
tests/test_biotincompletemoments.py::test_the_plain_moments_reproduce_their_defining_integral[0.006-0.7],not_run,unobserved
tests/test_biotincompletemoments.py::test_the_plain_moments_reproduce_their_defining_integral[0.006-1.0],not_run,unobserved
tests/test_biotincompletemoments.py::test_the_plain_moments_reproduce_their_defining_integral[0.006-1.5],not_run,unobserved
tests/test_biotincompletemoments.py::test_the_plain_moments_reproduce_their_defining_integral[0.01-0.001],not_run,unobserved
tests/test_biotincompletemoments.py::test_the_plain_moments_reproduce_their_defining_integral[0.01-0.01],not_run,unobserved
tests/test_biotincompletemoments.py::test_the_plain_moments_reproduce_their_defining_integral[0.01-0.05],not_run,unobserved
tests/test_biotincompletemoments.py::test_the_plain_moments_reproduce_their_defining_integral[0.01-0.2],not_run,unobserved
tests/test_biotincompletemoments.py::test_the_plain_moments_reproduce_their_defining_integral[0.01-0.4],not_run,unobserved
tests/test_biotincompletemoments.py::test_the_plain_moments_reproduce_their_defining_integral[0.01-0.7],not_run,unobserved
tests/test_biotincompletemoments.py::test_the_plain_moments_reproduce_their_defining_integral[0.01-1.0],not_run,unobserved
tests/test_biotincompletemoments.py::test_the_plain_moments_reproduce_their_defining_integral[0.01-1.5],not_run,unobserved
tests/test_biotincompletemoments.py::test_the_plain_moments_reproduce_their_defining_integral[0.03-0.001],not_run,unobserved
tests/test_biotincompletemoments.py::test_the_plain_moments_reproduce_their_defining_integral[0.03-0.01],not_run,unobserved
tests/test_biotincompletemoments.py::test_the_plain_moments_reproduce_their_defining_integral[0.03-0.05],not_run,unobserved
tests/test_biotincompletemoments.py::test_the_plain_moments_reproduce_their_defining_integral[0.03-0.2],not_run,unobserved
tests/test_biotincompletemoments.py::test_the_plain_moments_reproduce_their_defining_integral[0.03-0.4],not_run,unobserved
tests/test_biotincompletemoments.py::test_the_plain_moments_reproduce_their_defining_integral[0.03-0.7],not_run,unobserved
tests/test_biotincompletemoments.py::test_the_plain_moments_reproduce_their_defining_integral[0.03-1.0],not_run,unobserved
tests/test_biotincompletemoments.py::test_the_plain_moments_reproduce_their_defining_integral[0.03-1.5],not_run,unobserved
tests/test_biotincompletemoments.py::test_the_plain_moments_reproduce_their_defining_integral[0.1-0.001],not_run,unobserved
tests/test_biotincompletemoments.py::test_the_plain_moments_reproduce_their_defining_integral[0.1-0.01],not_run,unobserved
tests/test_biotincompletemoments.py::test_the_plain_moments_reproduce_their_defining_integral[0.1-0.05],not_run,unobserved
tests/test_biotincompletemoments.py::test_the_plain_moments_reproduce_their_defining_integral[0.1-0.2],not_run,unobserved
tests/test_biotincompletemoments.py::test_the_plain_moments_reproduce_their_defining_integral[0.1-0.4],not_run,unobserved
tests/test_biotincompletemoments.py::test_the_plain_moments_reproduce_their_defining_integral[0.1-0.7],not_run,unobserved
tests/test_biotincompletemoments.py::test_the_plain_moments_reproduce_their_defining_integral[0.1-1.0],not_run,unobserved
tests/test_biotincompletemoments.py::test_the_plain_moments_reproduce_their_defining_integral[0.1-1.5],not_run,unobserved
tests/test_biotincompletemoments.py::test_the_plain_moments_reproduce_their_defining_integral[0.5-0.001],not_run,unobserved
tests/test_biotincompletemoments.py::test_the_plain_moments_reproduce_their_defining_integral[0.5-0.01],not_run,unobserved
tests/test_biotincompletemoments.py::test_the_plain_moments_reproduce_their_defining_integral[0.5-0.05],not_run,unobserved
tests/test_biotincompletemoments.py::test_the_plain_moments_reproduce_their_defining_integral[0.5-0.2],not_run,unobserved
tests/test_biotincompletemoments.py::test_the_plain_moments_reproduce_their_defining_integral[0.5-0.4],not_run,unobserved
tests/test_biotincompletemoments.py::test_the_plain_moments_reproduce_their_defining_integral[0.5-0.7],not_run,unobserved
tests/test_biotincompletemoments.py::test_the_plain_moments_reproduce_their_defining_integral[0.5-1.0],not_run,unobserved
tests/test_biotincompletemoments.py::test_the_plain_moments_reproduce_their_defining_integral[0.5-1.5],not_run,unobserved
tests/test_biotincompletemoments.py::test_the_plain_moments_reproduce_their_defining_integral[0.9-0.001],not_run,unobserved
tests/test_biotincompletemoments.py::test_the_plain_moments_reproduce_their_defining_integral[0.9-0.01],not_run,unobserved
tests/test_biotincompletemoments.py::test_the_plain_moments_reproduce_their_defining_integral[0.9-0.05],not_run,unobserved
tests/test_biotincompletemoments.py::test_the_plain_moments_reproduce_their_defining_integral[0.9-0.2],not_run,unobserved
tests/test_biotincompletemoments.py::test_the_plain_moments_reproduce_their_defining_integral[0.9-0.4],not_run,unobserved
tests/test_biotincompletemoments.py::test_the_plain_moments_reproduce_their_defining_integral[0.9-0.7],not_run,unobserved
tests/test_biotincompletemoments.py::test_the_plain_moments_reproduce_their_defining_integral[0.9-1.0],not_run,unobserved
tests/test_biotincompletemoments.py::test_the_plain_moments_reproduce_their_defining_integral[0.9-1.5],not_run,unobserved
tests/test_biotincompletemoments.py::test_the_plain_moments_reproduce_their_defining_integral[0.99-0.001],not_run,unobserved
tests/test_biotincompletemoments.py::test_the_plain_moments_reproduce_their_defining_integral[0.99-0.01],not_run,unobserved
tests/test_biotincompletemoments.py::test_the_plain_moments_reproduce_their_defining_integral[0.99-0.05],not_run,unobserved
tests/test_biotincompletemoments.py::test_the_plain_moments_reproduce_their_defining_integral[0.99-0.2],not_run,unobserved
tests/test_biotincompletemoments.py::test_the_plain_moments_reproduce_their_defining_integral[0.99-0.4],not_run,unobserved
tests/test_biotincompletemoments.py::test_the_plain_moments_reproduce_their_defining_integral[0.99-0.7],not_run,unobserved
tests/test_biotincompletemoments.py::test_the_plain_moments_reproduce_their_defining_integral[0.99-1.0],not_run,unobserved
tests/test_biotincompletemoments.py::test_the_plain_moments_reproduce_their_defining_integral[0.99-1.5],not_run,unobserved
tests/test_biotincompletemoments.py::test_the_plain_moments_reproduce_their_defining_integral[1e-06-0.001],not_run,unobserved
tests/test_biotincompletemoments.py::test_the_plain_moments_reproduce_their_defining_integral[1e-06-0.01],not_run,unobserved
tests/test_biotincompletemoments.py::test_the_plain_moments_reproduce_their_defining_integral[1e-06-0.05],not_run,unobserved
tests/test_biotincompletemoments.py::test_the_plain_moments_reproduce_their_defining_integral[1e-06-0.2],not_run,unobserved
tests/test_biotincompletemoments.py::test_the_plain_moments_reproduce_their_defining_integral[1e-06-0.4],not_run,unobserved
tests/test_biotincompletemoments.py::test_the_plain_moments_reproduce_their_defining_integral[1e-06-0.7],not_run,unobserved
tests/test_biotincompletemoments.py::test_the_plain_moments_reproduce_their_defining_integral[1e-06-1.0],not_run,unobserved
tests/test_biotincompletemoments.py::test_the_plain_moments_reproduce_their_defining_integral[1e-06-1.5],not_run,unobserved
tests/test_biotincompletemoments.py::test_the_plain_moments_reproduce_their_defining_integral[1e-09-0.001],not_run,unobserved
tests/test_biotincompletemoments.py::test_the_plain_moments_reproduce_their_defining_integral[1e-09-0.01],not_run,unobserved
tests/test_biotincompletemoments.py::test_the_plain_moments_reproduce_their_defining_integral[1e-09-0.05],not_run,unobserved
tests/test_biotincompletemoments.py::test_the_plain_moments_reproduce_their_defining_integral[1e-09-0.2],not_run,unobserved
tests/test_biotincompletemoments.py::test_the_plain_moments_reproduce_their_defining_integral[1e-09-0.4],not_run,unobserved
tests/test_biotincompletemoments.py::test_the_plain_moments_reproduce_their_defining_integral[1e-09-0.7],not_run,unobserved
tests/test_biotincompletemoments.py::test_the_plain_moments_reproduce_their_defining_integral[1e-09-1.0],not_run,unobserved
tests/test_biotincompletemoments.py::test_the_plain_moments_reproduce_their_defining_integral[1e-09-1.5],not_run,unobserved
tests/test_biotincompletemoments.py::test_the_plain_moments_reproduce_their_defining_integral[1e-16-0.001],not_run,unobserved
tests/test_biotincompletemoments.py::test_the_plain_moments_reproduce_their_defining_integral[1e-16-0.01],not_run,unobserved
tests/test_biotincompletemoments.py::test_the_plain_moments_reproduce_their_defining_integral[1e-16-0.05],not_run,unobserved
tests/test_biotincompletemoments.py::test_the_plain_moments_reproduce_their_defining_integral[1e-16-0.2],not_run,unobserved
tests/test_biotincompletemoments.py::test_the_plain_moments_reproduce_their_defining_integral[1e-16-0.4],not_run,unobserved
tests/test_biotincompletemoments.py::test_the_plain_moments_reproduce_their_defining_integral[1e-16-0.7],not_run,unobserved
tests/test_biotincompletemoments.py::test_the_plain_moments_reproduce_their_defining_integral[1e-16-1.0],not_run,unobserved
tests/test_biotincompletemoments.py::test_the_plain_moments_reproduce_their_defining_integral[1e-16-1.5],not_run,unobserved
tests/test_biotincompletemoments.py::test_the_pole_family_needs_no_counterpart_either[0.05-0.25-False],not_run,unobserved
tests/test_biotincompletemoments.py::test_the_pole_family_needs_no_counterpart_either[0.05-0.25-True],not_run,unobserved
tests/test_biotincompletemoments.py::test_the_pole_family_needs_no_counterpart_either[0.05-1.0-False],not_run,unobserved
tests/test_biotincompletemoments.py::test_the_pole_family_needs_no_counterpart_either[0.05-1.0-True],not_run,unobserved
tests/test_biotincompletemoments.py::test_the_pole_family_needs_no_counterpart_either[0.05-4.0-False],not_run,unobserved
tests/test_biotincompletemoments.py::test_the_pole_family_needs_no_counterpart_either[0.05-4.0-True],not_run,unobserved
tests/test_biotincompletemoments.py::test_the_pole_family_needs_no_counterpart_either[0.4-0.25-False],not_run,unobserved
tests/test_biotincompletemoments.py::test_the_pole_family_needs_no_counterpart_either[0.4-0.25-True],not_run,unobserved
tests/test_biotincompletemoments.py::test_the_pole_family_needs_no_counterpart_either[0.4-1.0-False],not_run,unobserved
tests/test_biotincompletemoments.py::test_the_pole_family_needs_no_counterpart_either[0.4-1.0-True],not_run,unobserved
tests/test_biotincompletemoments.py::test_the_pole_family_needs_no_counterpart_either[0.4-4.0-False],not_run,unobserved
tests/test_biotincompletemoments.py::test_the_pole_family_needs_no_counterpart_either[0.4-4.0-True],not_run,unobserved
tests/test_biotincompletemoments.py::test_the_pole_family_needs_no_counterpart_either[1.0-0.25-False],not_run,unobserved
tests/test_biotincompletemoments.py::test_the_pole_family_needs_no_counterpart_either[1.0-0.25-True],not_run,unobserved
tests/test_biotincompletemoments.py::test_the_pole_family_needs_no_counterpart_either[1.0-1.0-False],not_run,unobserved
tests/test_biotincompletemoments.py::test_the_pole_family_needs_no_counterpart_either[1.0-1.0-True],not_run,unobserved
tests/test_biotincompletemoments.py::test_the_pole_family_needs_no_counterpart_either[1.0-4.0-False],not_run,unobserved
tests/test_biotincompletemoments.py::test_the_pole_family_needs_no_counterpart_either[1.0-4.0-True],not_run,unobserved
tests/test_biotincompletemoments.py::test_the_pole_seed_reproduces_its_defining_integral[0.05-0.0001-False],not_run,unobserved
tests/test_biotincompletemoments.py::test_the_pole_seed_reproduces_its_defining_integral[0.05-0.0001-True],not_run,unobserved
tests/test_biotincompletemoments.py::test_the_pole_seed_reproduces_its_defining_integral[0.05-0.01-False],not_run,unobserved
tests/test_biotincompletemoments.py::test_the_pole_seed_reproduces_its_defining_integral[0.05-0.01-True],not_run,unobserved
tests/test_biotincompletemoments.py::test_the_pole_seed_reproduces_its_defining_integral[0.05-0.25-False],not_run,unobserved
tests/test_biotincompletemoments.py::test_the_pole_seed_reproduces_its_defining_integral[0.05-0.25-True],not_run,unobserved
tests/test_biotincompletemoments.py::test_the_pole_seed_reproduces_its_defining_integral[0.05-1.0-False],not_run,unobserved
tests/test_biotincompletemoments.py::test_the_pole_seed_reproduces_its_defining_integral[0.05-1.0-True],not_run,unobserved
tests/test_biotincompletemoments.py::test_the_pole_seed_reproduces_its_defining_integral[0.05-10000.0-False],not_run,unobserved
tests/test_biotincompletemoments.py::test_the_pole_seed_reproduces_its_defining_integral[0.05-10000.0-True],not_run,unobserved
tests/test_biotincompletemoments.py::test_the_pole_seed_reproduces_its_defining_integral[0.05-4.0-False],not_run,unobserved
tests/test_biotincompletemoments.py::test_the_pole_seed_reproduces_its_defining_integral[0.05-4.0-True],not_run,unobserved
tests/test_biotincompletemoments.py::test_the_pole_seed_reproduces_its_defining_integral[0.4-0.0001-False],not_run,unobserved
tests/test_biotincompletemoments.py::test_the_pole_seed_reproduces_its_defining_integral[0.4-0.0001-True],not_run,unobserved
tests/test_biotincompletemoments.py::test_the_pole_seed_reproduces_its_defining_integral[0.4-0.01-False],not_run,unobserved
tests/test_biotincompletemoments.py::test_the_pole_seed_reproduces_its_defining_integral[0.4-0.01-True],not_run,unobserved
tests/test_biotincompletemoments.py::test_the_pole_seed_reproduces_its_defining_integral[0.4-0.25-False],not_run,unobserved
tests/test_biotincompletemoments.py::test_the_pole_seed_reproduces_its_defining_integral[0.4-0.25-True],not_run,unobserved
tests/test_biotincompletemoments.py::test_the_pole_seed_reproduces_its_defining_integral[0.4-1.0-False],not_run,unobserved
tests/test_biotincompletemoments.py::test_the_pole_seed_reproduces_its_defining_integral[0.4-1.0-True],not_run,unobserved
tests/test_biotincompletemoments.py::test_the_pole_seed_reproduces_its_defining_integral[0.4-10000.0-False],not_run,unobserved
tests/test_biotincompletemoments.py::test_the_pole_seed_reproduces_its_defining_integral[0.4-10000.0-True],not_run,unobserved
tests/test_biotincompletemoments.py::test_the_pole_seed_reproduces_its_defining_integral[0.4-4.0-False],not_run,unobserved
tests/test_biotincompletemoments.py::test_the_pole_seed_reproduces_its_defining_integral[0.4-4.0-True],not_run,unobserved
tests/test_biotincompletemoments.py::test_the_pole_seed_reproduces_its_defining_integral[1.0-0.0001-False],not_run,unobserved
tests/test_biotincompletemoments.py::test_the_pole_seed_reproduces_its_defining_integral[1.0-0.0001-True],not_run,unobserved
tests/test_biotincompletemoments.py::test_the_pole_seed_reproduces_its_defining_integral[1.0-0.01-False],not_run,unobserved
tests/test_biotincompletemoments.py::test_the_pole_seed_reproduces_its_defining_integral[1.0-0.01-True],not_run,unobserved
tests/test_biotincompletemoments.py::test_the_pole_seed_reproduces_its_defining_integral[1.0-0.25-False],not_run,unobserved
tests/test_biotincompletemoments.py::test_the_pole_seed_reproduces_its_defining_integral[1.0-0.25-True],not_run,unobserved
tests/test_biotincompletemoments.py::test_the_pole_seed_reproduces_its_defining_integral[1.0-1.0-False],not_run,unobserved
tests/test_biotincompletemoments.py::test_the_pole_seed_reproduces_its_defining_integral[1.0-1.0-True],not_run,unobserved
tests/test_biotincompletemoments.py::test_the_pole_seed_reproduces_its_defining_integral[1.0-10000.0-False],not_run,unobserved
tests/test_biotincompletemoments.py::test_the_pole_seed_reproduces_its_defining_integral[1.0-10000.0-True],not_run,unobserved
tests/test_biotincompletemoments.py::test_the_pole_seed_reproduces_its_defining_integral[1.0-4.0-False],not_run,unobserved
tests/test_biotincompletemoments.py::test_the_pole_seed_reproduces_its_defining_integral[1.0-4.0-True],not_run,unobserved
tests/test_biotincompletemoments.py::test_the_quarter_turn_reproduces_the_complete_family[0.001],not_run,unobserved
tests/test_biotincompletemoments.py::test_the_quarter_turn_reproduces_the_complete_family[0.003],not_run,unobserved
tests/test_biotincompletemoments.py::test_the_quarter_turn_reproduces_the_complete_family[0.006],not_run,unobserved
tests/test_biotincompletemoments.py::test_the_quarter_turn_reproduces_the_complete_family[0.01],not_run,unobserved
tests/test_biotincompletemoments.py::test_the_quarter_turn_reproduces_the_complete_family[0.03],not_run,unobserved
tests/test_biotincompletemoments.py::test_the_quarter_turn_reproduces_the_complete_family[0.1],not_run,unobserved
tests/test_biotincompletemoments.py::test_the_quarter_turn_reproduces_the_complete_family[0.5],not_run,unobserved
tests/test_biotincompletemoments.py::test_the_quarter_turn_reproduces_the_complete_family[0.99],not_run,unobserved
tests/test_biotincompletemoments.py::test_the_quarter_turn_reproduces_the_complete_family[0.9],not_run,unobserved
tests/test_biotincompletemoments.py::test_the_quarter_turn_reproduces_the_complete_family[1e-06],not_run,unobserved
tests/test_biotincompletemoments.py::test_the_quarter_turn_reproduces_the_complete_family[1e-09],not_run,unobserved
tests/test_biotincompletemoments.py::test_the_quarter_turn_reproduces_the_complete_family[1e-16],not_run,unobserved
tests/test_biotincompletemoments.py::test_the_quarter_turn_reproduces_the_complete_seed[0.001-0.0001-False],not_run,unobserved
tests/test_biotincompletemoments.py::test_the_quarter_turn_reproduces_the_complete_seed[0.001-0.0001-True],not_run,unobserved
tests/test_biotincompletemoments.py::test_the_quarter_turn_reproduces_the_complete_seed[0.001-0.25-False],not_run,unobserved
tests/test_biotincompletemoments.py::test_the_quarter_turn_reproduces_the_complete_seed[0.001-0.25-True],not_run,unobserved
tests/test_biotincompletemoments.py::test_the_quarter_turn_reproduces_the_complete_seed[0.001-100000000.0-False],not_run,unobserved
tests/test_biotincompletemoments.py::test_the_quarter_turn_reproduces_the_complete_seed[0.001-100000000.0-True],not_run,unobserved
tests/test_biotincompletemoments.py::test_the_quarter_turn_reproduces_the_complete_seed[0.001-1e-12-False],not_run,unobserved
tests/test_biotincompletemoments.py::test_the_quarter_turn_reproduces_the_complete_seed[0.001-1e-12-True],not_run,unobserved
tests/test_biotincompletemoments.py::test_the_quarter_turn_reproduces_the_complete_seed[0.001-4.0-False],not_run,unobserved
tests/test_biotincompletemoments.py::test_the_quarter_turn_reproduces_the_complete_seed[0.001-4.0-True],not_run,unobserved
tests/test_biotincompletemoments.py::test_the_quarter_turn_reproduces_the_complete_seed[0.9-0.0001-False],not_run,unobserved
tests/test_biotincompletemoments.py::test_the_quarter_turn_reproduces_the_complete_seed[0.9-0.0001-True],not_run,unobserved
tests/test_biotincompletemoments.py::test_the_quarter_turn_reproduces_the_complete_seed[0.9-0.25-False],not_run,unobserved
tests/test_biotincompletemoments.py::test_the_quarter_turn_reproduces_the_complete_seed[0.9-0.25-True],not_run,unobserved
tests/test_biotincompletemoments.py::test_the_quarter_turn_reproduces_the_complete_seed[0.9-100000000.0-False],not_run,unobserved
tests/test_biotincompletemoments.py::test_the_quarter_turn_reproduces_the_complete_seed[0.9-100000000.0-True],not_run,unobserved
tests/test_biotincompletemoments.py::test_the_quarter_turn_reproduces_the_complete_seed[0.9-1e-12-False],not_run,unobserved
tests/test_biotincompletemoments.py::test_the_quarter_turn_reproduces_the_complete_seed[0.9-1e-12-True],not_run,unobserved
tests/test_biotincompletemoments.py::test_the_quarter_turn_reproduces_the_complete_seed[0.9-4.0-False],not_run,unobserved
tests/test_biotincompletemoments.py::test_the_quarter_turn_reproduces_the_complete_seed[0.9-4.0-True],not_run,unobserved
tests/test_biotincompletemoments.py::test_the_quarter_turn_reproduces_the_complete_seed[1e-09-0.0001-False],not_run,unobserved
tests/test_biotincompletemoments.py::test_the_quarter_turn_reproduces_the_complete_seed[1e-09-0.0001-True],not_run,unobserved
tests/test_biotincompletemoments.py::test_the_quarter_turn_reproduces_the_complete_seed[1e-09-0.25-False],not_run,unobserved
tests/test_biotincompletemoments.py::test_the_quarter_turn_reproduces_the_complete_seed[1e-09-0.25-True],not_run,unobserved
tests/test_biotincompletemoments.py::test_the_quarter_turn_reproduces_the_complete_seed[1e-09-100000000.0-False],not_run,unobserved
tests/test_biotincompletemoments.py::test_the_quarter_turn_reproduces_the_complete_seed[1e-09-100000000.0-True],not_run,unobserved
tests/test_biotincompletemoments.py::test_the_quarter_turn_reproduces_the_complete_seed[1e-09-1e-12-False],not_run,unobserved
tests/test_biotincompletemoments.py::test_the_quarter_turn_reproduces_the_complete_seed[1e-09-1e-12-True],not_run,unobserved
tests/test_biotincompletemoments.py::test_the_quarter_turn_reproduces_the_complete_seed[1e-09-4.0-False],not_run,unobserved
tests/test_biotincompletemoments.py::test_the_quarter_turn_reproduces_the_complete_seed[1e-09-4.0-True],not_run,unobserved
tests/test_biotincompletemoments.py::test_the_quarter_turn_reproduces_the_complete_seed[1e-16-0.0001-False],not_run,unobserved
tests/test_biotincompletemoments.py::test_the_quarter_turn_reproduces_the_complete_seed[1e-16-0.0001-True],not_run,unobserved
tests/test_biotincompletemoments.py::test_the_quarter_turn_reproduces_the_complete_seed[1e-16-0.25-False],not_run,unobserved
tests/test_biotincompletemoments.py::test_the_quarter_turn_reproduces_the_complete_seed[1e-16-0.25-True],not_run,unobserved
tests/test_biotincompletemoments.py::test_the_quarter_turn_reproduces_the_complete_seed[1e-16-100000000.0-False],not_run,unobserved
tests/test_biotincompletemoments.py::test_the_quarter_turn_reproduces_the_complete_seed[1e-16-100000000.0-True],not_run,unobserved
tests/test_biotincompletemoments.py::test_the_quarter_turn_reproduces_the_complete_seed[1e-16-1e-12-False],not_run,unobserved
tests/test_biotincompletemoments.py::test_the_quarter_turn_reproduces_the_complete_seed[1e-16-1e-12-True],not_run,unobserved
tests/test_biotincompletemoments.py::test_the_quarter_turn_reproduces_the_complete_seed[1e-16-4.0-False],not_run,unobserved
tests/test_biotincompletemoments.py::test_the_quarter_turn_reproduces_the_complete_seed[1e-16-4.0-True],not_run,unobserved
tests/test_biotincompletemoments.py::test_the_reference_rule_has_converged,not_run,unobserved
tests/test_biotincompletemoments.py::test_the_root_moments_need_no_counterpart[0.01-0.05],not_run,unobserved
tests/test_biotincompletemoments.py::test_the_root_moments_need_no_counterpart[0.01-0.4],not_run,unobserved
tests/test_biotincompletemoments.py::test_the_root_moments_need_no_counterpart[0.01-1.0],not_run,unobserved
tests/test_biotincompletemoments.py::test_the_root_moments_need_no_counterpart[0.9-0.05],not_run,unobserved
tests/test_biotincompletemoments.py::test_the_root_moments_need_no_counterpart[0.9-0.4],not_run,unobserved
tests/test_biotincompletemoments.py::test_the_root_moments_need_no_counterpart[0.9-1.0],not_run,unobserved
tests/test_biotincompletemoments.py::test_the_root_moments_need_no_counterpart[1e-09-0.05],not_run,unobserved
tests/test_biotincompletemoments.py::test_the_root_moments_need_no_counterpart[1e-09-0.4],not_run,unobserved
tests/test_biotincompletemoments.py::test_the_root_moments_need_no_counterpart[1e-09-1.0],not_run,unobserved
tests/test_biotincompletemoments.py::test_the_seed_carries_the_family_where_quadrature_cannot,not_run,unobserved
tests/test_biotincompletemoments.py::test_the_source_term_is_what_the_partial_range_adds,not_run,unobserved
tests/test_biotincompletemoments.py::test_the_switch_between_the_two_directions_is_needed_from_both_sides,not_run,unobserved
tests/test_biotincompletemoments.py::test_the_traced_path_is_the_same_code_and_agrees_to_a_few_ulp,not_run,unobserved
tests/test_biotmatrix.py::test_coord_loc,not_run,unobserved
tests/test_biotmatrix.py::test_coordinate_axes_einsum_shape,not_run,unobserved
tests/test_biotmatrix.py::test_coordinate_axes_shape,not_run,unobserved
tests/test_biotmatrix.py::test_finite_arcs_never_dispatch_through_the_ring_backend,not_run,unobserved
tests/test_biotmatrix.py::test_local_frame_roundtrip[source],not_run,unobserved
tests/test_biotmatrix.py::test_local_frame_roundtrip[target],not_run,unobserved
tests/test_biotmatrix.py::test_multiple_physical_plasma_targets_fail_before_turn_updates,not_run,unobserved
tests/test_biotmatrix.py::test_solve_applies_nonunit_links_across_the_chunk_boundary[False],not_run,unobserved
tests/test_biotmatrix.py::test_solve_applies_nonunit_links_across_the_chunk_boundary[True],not_run,unobserved
tests/test_biotmatrix.py::test_solve_applies_nonunit_links_after_route_batching[False],not_run,unobserved
tests/test_biotmatrix.py::test_solve_applies_nonunit_links_after_route_batching[True],not_run,unobserved
tests/test_biotmatrix.py::test_solve_batches_have_a_hard_source_limit[1001-batch_sizes3],not_run,unobserved
tests/test_biotmatrix.py::test_solve_batches_have_a_hard_source_limit[499-batch_sizes0],not_run,unobserved
tests/test_biotmatrix.py::test_solve_batches_have_a_hard_source_limit[500-batch_sizes1],not_run,unobserved
tests/test_biotmatrix.py::test_solve_batches_have_a_hard_source_limit[501-batch_sizes2],not_run,unobserved
tests/test_biotmatrix.py::test_solve_linked_cancellation_survives_batch_order[False],not_run,unobserved
tests/test_biotmatrix.py::test_solve_linked_cancellation_survives_batch_order[True],not_run,unobserved
tests/test_biotmatrix.py::test_solve_policy_and_plasma_lanes_are_batch_distinct,not_run,unobserved
tests/test_biotmatrix.py::test_source_coordinates_roundtrip,not_run,unobserved
tests/test_biotmatrix.py::test_stack_shape,not_run,unobserved
tests/test_biotoperate.py::test_ellippinc_amplitude_below_quarter_turn,not_run,unobserved
tests/test_biotoperate.py::test_ellippinc_amplitude_pair_matches_the_angle,not_run,unobserved
tests/test_biotoperate.py::test_ellippinc_first_kind_limit[0.0],not_run,unobserved
tests/test_biotoperate.py::test_ellippinc_first_kind_limit[0.4],not_run,unobserved
tests/test_biotoperate.py::test_ellippinc_first_kind_limit[0.9],not_run,unobserved
tests/test_biotoperate.py::test_ellippinc_half_turn_quasi_periodicity,not_run,unobserved
tests/test_biotoperate.py::test_ellippinc_reduces_across_the_quarter_turn,not_run,unobserved
tests/test_biotoperate.py::test_ellippinc_zero_modulus_closed_form[-0.7],not_run,unobserved
tests/test_biotoperate.py::test_ellippinc_zero_modulus_closed_form[0.3],not_run,unobserved
tests/test_biotoperate.py::test_ellippinc_zero_modulus_closed_form[0.9],not_run,unobserved
tests/test_biotoperate.py::test_force_keeps_the_physical_poly_target_and_dcoil_cells,not_run,unobserved
tests/test_biotoperate.py::test_grid_shape,not_run,unobserved
tests/test_biotoperate.py::test_grid_shaped_array,not_run,unobserved
tests/test_biotoperate.py::test_grid_shaped_array_address,not_run,unobserved
tests/test_biotoperate.py::test_grid_solve_finite_section_winding,not_run,unobserved
tests/test_biotoperate.py::test_inductance_quadrature_keeps_original_plasma_block_dimensions,not_run,unobserved
tests/test_biotoperate.py::test_ngap_negative,not_run,unobserved
tests/test_biotoperate.py::test_ngap_positive,not_run,unobserved
tests/test_biotoperate.py::test_ngap_zero,not_run,unobserved
tests/test_biotoperate.py::test_ngap_zero_negative_gap,not_run,unobserved
tests/test_biotoperate.py::test_ngap_zero_positive_float_gap,not_run,unobserved
tests/test_biotoperate.py::test_nturn_Psi_update,not_run,unobserved
tests/test_biotoperate.py::test_nturn_current_update,not_run,unobserved
tests/test_biotoperate.py::test_nturn_hash_update,not_run,unobserved
tests/test_biotoperate.py::test_nturn_skip_Psi_update,not_run,unobserved
tests/test_biotoperate.py::test_nturn_skip_current_update,not_run,unobserved
tests/test_biotoperate.py::test_plasmagap_kd_points,not_run,unobserved
tests/test_biotoperate.py::test_plasmagap_kd_query,not_run,unobserved
tests/test_biotoperate.py::test_plasmagap_matrix,not_run,unobserved
tests/test_biotoperate.py::test_plot_plasma_gaps,not_run,unobserved
tests/test_biotoperate.py::test_point_shaped_array,not_run,unobserved
tests/test_biotoperate.py::test_point_shaped_array_address,not_run,unobserved
tests/test_biotoperate.py::test_point_solve_on_the_arc_end_plane,not_run,unobserved
tests/test_biotpolybeam.py::test_a_free_form_polygon_section_reaches_the_kernel,not_run,unobserved
tests/test_biotpolybeam.py::test_a_hollow_section_is_a_coupled_pair_rather_than_a_refusal[box],not_run,unobserved
tests/test_biotpolybeam.py::test_a_hollow_section_is_a_coupled_pair_rather_than_a_refusal[sk],not_run,unobserved
tests/test_biotpolybeam.py::test_a_rectangular_section_reproduces_beam_through_the_frame,not_run,unobserved
tests/test_biotpolybeam.py::test_a_rectangular_section_reproduces_beam_to_round_off,not_run,unobserved
tests/test_biotpolybeam.py::test_a_swept_hexagon_reaches_the_kernel_with_six_corners,not_run,unobserved
tests/test_biotpolybeam.py::test_automatic_straight_section_routing_preserves_geometry,not_run,unobserved
tests/test_biotpolybeam.py::test_beam_is_finite_at_a_transverse_section_corner,not_run,unobserved
tests/test_biotpolybeam.py::test_beam_rejects_a_hexagonal_section,not_run,unobserved
tests/test_biotpolybeam.py::test_beam_rejects_a_round_section[cross_section0-1.2732395447351628],not_run,unobserved
tests/test_biotpolybeam.py::test_beam_rejects_a_round_section[cross_section1-1.2732395447351628],not_run,unobserved
tests/test_biotpolybeam.py::test_the_axis_is_the_local_z_and_the_section_rides_on_it,not_run,unobserved
tests/test_biotpolybeam.py::test_the_closed_form_matches_the_converged_quadrature[hexagon],not_run,unobserved
tests/test_biotpolybeam.py::test_the_closed_form_matches_the_converged_quadrature[rectangle],not_run,unobserved
tests/test_biotpolybeam.py::test_the_closed_form_matches_the_converged_quadrature[trapezoid],not_run,unobserved
tests/test_biotpolybeam.py::test_the_closed_form_matches_the_converged_quadrature[wedge],not_run,unobserved
tests/test_biotpolybeam.py::test_the_element_is_a_peer_of_beam_rather_than_a_subclass,not_run,unobserved
tests/test_biotpolybeam.py::test_the_far_field_is_the_filament_it_thickens,not_run,unobserved
tests/test_biotpolybeam.py::test_the_section_is_read_out_of_the_frames_own_projection,not_run,unobserved
tests/test_biotpolybeam.py::test_the_section_quadrature_is_converged[hexagon],not_run,unobserved
tests/test_biotpolybeam.py::test_the_section_quadrature_is_converged[rectangle],not_run,unobserved
tests/test_biotpolybeam.py::test_the_section_quadrature_is_converged[trapezoid],not_run,unobserved
tests/test_biotpolybeam.py::test_the_section_quadrature_is_converged[wedge],not_run,unobserved
tests/test_biotpolybeam.py::test_the_segment_registry_reaches_the_element,not_run,unobserved
tests/test_biotpolybeam.py::test_the_swept_element_straightens_onto_the_prism,not_run,unobserved
tests/test_biotpolybeam.py::test_two_sources_share_one_segment_and_sum,not_run,unobserved
tests/test_biotpolybow.py::test_a_free_form_polygon_section_reaches_the_kernel,not_run,unobserved
tests/test_biotpolybow.py::test_a_hexagonal_section_is_evaluated_as_a_hexagon,not_run,unobserved
tests/test_biotpolybow.py::test_a_hollow_section_is_a_coupled_pair_rather_than_a_refusal[box],not_run,unobserved
tests/test_biotpolybow.py::test_a_hollow_section_is_a_coupled_pair_rather_than_a_refusal[sk],not_run,unobserved
tests/test_biotpolybow.py::test_a_rectangular_section_reproduces_bow_through_the_class[half_turn],not_run,unobserved
tests/test_biotpolybow.py::test_a_rectangular_section_reproduces_bow_through_the_class[short],not_run,unobserved
tests/test_biotpolybow.py::test_a_rectangular_section_reproduces_bow_through_the_class[straddle],not_run,unobserved
tests/test_biotpolybow.py::test_a_rectangular_section_reproduces_bow_through_the_class[wrapped],not_run,unobserved
tests/test_biotpolybow.py::test_a_swept_hexagon_reaches_the_kernel_with_six_corners,not_run,unobserved
tests/test_biotpolybow.py::test_a_swept_skin_is_a_circular_annulus_and_not_a_square_one,not_run,unobserved
tests/test_biotpolybow.py::test_a_thickened_arc_routes_here_without_the_caller_naming_it,not_run,unobserved
tests/test_biotpolybow.py::test_routing_a_hexagon_to_bow_overstates_it_by_a_third,not_run,unobserved
tests/test_biotpolybow.py::test_routing_a_round_section_to_bow_overstates_it_by_four_over_pi[section0-1.2732395447351628],not_run,unobserved
tests/test_biotpolybow.py::test_routing_a_round_section_to_bow_overstates_it_by_four_over_pi[section1-1.2732395447351628],not_run,unobserved
tests/test_biotpolybow.py::test_the_bow_agreement_is_not_a_tie_at_single_precision,not_run,unobserved
tests/test_biotpolybow.py::test_the_class_adds_nothing_to_the_reduction_but_the_transform[half_turn],not_run,unobserved
tests/test_biotpolybow.py::test_the_class_adds_nothing_to_the_reduction_but_the_transform[short],not_run,unobserved
tests/test_biotpolybow.py::test_the_class_adds_nothing_to_the_reduction_but_the_transform[straddle],not_run,unobserved
tests/test_biotpolybow.py::test_the_class_adds_nothing_to_the_reduction_but_the_transform[wrapped],not_run,unobserved
tests/test_biotpolybow.py::test_the_element_is_a_peer_of_bow_rather_than_a_subclass,not_run,unobserved
tests/test_biotpolybow.py::test_the_hollow_pair_reproduces_a_direct_integral_over_the_annulus[box],not_run,unobserved
tests/test_biotpolybow.py::test_the_hollow_pair_reproduces_a_direct_integral_over_the_annulus[sk],not_run,unobserved
tests/test_biotpolybow.py::test_the_section_reaches_the_kernel_at_double_precision,not_run,unobserved
tests/test_biotpolybow.py::test_the_segment_registry_reaches_the_element,not_run,unobserved
tests/test_biotpolybow.py::test_two_windings_share_one_segment_and_sum,not_run,unobserved
tests/test_biotpolygonanalytic.py::test_a_candidate_holds_the_gate_band_by_band[boundary_quadrature],not_run,unobserved
tests/test_biotpolygonanalytic.py::test_a_candidate_holds_the_gate_band_by_band[closed_form],not_run,unobserved
tests/test_biotpolygonanalytic.py::test_a_candidate_matches_the_oracle_everywhere[hexagon-boundary_quadrature],not_run,unobserved
tests/test_biotpolygonanalytic.py::test_a_candidate_matches_the_oracle_everywhere[hexagon-closed_form],not_run,unobserved
tests/test_biotpolygonanalytic.py::test_a_candidate_matches_the_oracle_everywhere[rectangle-boundary_quadrature],not_run,unobserved
tests/test_biotpolygonanalytic.py::test_a_candidate_matches_the_oracle_everywhere[rectangle-closed_form],not_run,unobserved
tests/test_biotpolygonanalytic.py::test_a_candidate_matches_the_oracle_everywhere[thin_plate-boundary_quadrature],not_run,unobserved
tests/test_biotpolygonanalytic.py::test_a_candidate_matches_the_oracle_everywhere[thin_plate-closed_form],not_run,unobserved
tests/test_biotpolygonanalytic.py::test_a_candidate_matches_the_oracle_everywhere[trapezium-boundary_quadrature],not_run,unobserved
tests/test_biotpolygonanalytic.py::test_a_candidate_matches_the_oracle_everywhere[trapezium-closed_form],not_run,unobserved
tests/test_biotpolygonanalytic.py::test_a_horizontal_edge_contributes_nothing[boundary_quadrature],not_run,unobserved
tests/test_biotpolygonanalytic.py::test_a_horizontal_edge_contributes_nothing[closed_form],not_run,unobserved
tests/test_biotpolygonanalytic.py::test_a_horizontal_edge_contributes_nothing_to_the_closed_form,not_run,unobserved
tests/test_biotpolygonanalytic.py::test_a_horizontal_edge_contributes_nothing_to_the_closed_form_field,not_run,unobserved
tests/test_biotpolygonanalytic.py::test_a_section_with_no_sloped_edge_reproduces_the_rectangle_kernel[boundary_quadrature],not_run,unobserved
tests/test_biotpolygonanalytic.py::test_a_section_with_no_sloped_edge_reproduces_the_rectangle_kernel[closed_form],not_run,unobserved
tests/test_biotpolygonanalytic.py::test_a_target_level_with_an_edge_end_is_evaluated_rather_than_approached,not_run,unobserved
tests/test_biotpolygonanalytic.py::test_a_target_on_a_vertex_is_evaluated_rather_than_diverging[hexagon],not_run,unobserved
tests/test_biotpolygonanalytic.py::test_a_target_on_a_vertex_is_evaluated_rather_than_diverging[rectangle],not_run,unobserved
tests/test_biotpolygonanalytic.py::test_a_target_on_a_vertex_is_evaluated_rather_than_diverging[thin_plate],not_run,unobserved
tests/test_biotpolygonanalytic.py::test_a_target_on_a_vertex_is_evaluated_rather_than_diverging[trapezium],not_run,unobserved
tests/test_biotpolygonanalytic.py::test_axis_field_keeps_live_vertical_edge_geometry_tangents,not_run,unobserved
tests/test_biotpolygonanalytic.py::test_axis_rows_hold_level_geometry_before_the_closed_reduction,not_run,unobserved
tests/test_biotpolygonanalytic.py::test_packed_arc_builds_one_vectorized_state_for_each_moment_family,not_run,unobserved
tests/test_biotpolygonanalytic.py::test_packed_topology_builds_one_vectorized_moment_state,not_run,unobserved
tests/test_biotpolygonanalytic.py::test_padded_coordinates_carry_zero_jax_tangents,not_run,unobserved
tests/test_biotpolygonanalytic.py::test_padded_topology_has_jax_parity_at_axis_and_corner_targets,not_run,unobserved
tests/test_biotpolygonanalytic.py::test_padded_topology_is_finite_on_the_axis_and_source_corners,not_run,unobserved
tests/test_biotpolygonanalytic.py::test_the_azimuthal_field_integrand_cancels_over_the_full_turn[reversed],not_run,unobserved
tests/test_biotpolygonanalytic.py::test_the_azimuthal_field_integrand_cancels_over_the_full_turn[sloped],not_run,unobserved
tests/test_biotpolygonanalytic.py::test_the_azimuthal_field_integrand_cancels_over_the_full_turn[steep],not_run,unobserved
tests/test_biotpolygonanalytic.py::test_the_azimuthal_field_integrand_cancels_over_the_full_turn[vertical],not_run,unobserved
tests/test_biotpolygonanalytic.py::test_the_closed_form_field_is_the_gradient_of_its_own_flux[hexagon],not_run,unobserved
tests/test_biotpolygonanalytic.py::test_the_closed_form_field_is_the_gradient_of_its_own_flux[rectangle],not_run,unobserved
tests/test_biotpolygonanalytic.py::test_the_closed_form_field_is_the_gradient_of_its_own_flux[thin_plate],not_run,unobserved
tests/test_biotpolygonanalytic.py::test_the_closed_form_field_is_the_gradient_of_its_own_flux[trapezium],not_run,unobserved
tests/test_biotpolygonanalytic.py::test_the_closed_form_field_reproduces_the_rectangle_kernel,not_run,unobserved
tests/test_biotpolygonanalytic.py::test_the_closed_form_field_tracks_the_quadrature_over_a_whole_section[0.01],not_run,unobserved
tests/test_biotpolygonanalytic.py::test_the_closed_form_field_tracks_the_quadrature_over_a_whole_section[0.03],not_run,unobserved
tests/test_biotpolygonanalytic.py::test_the_closed_form_field_tracks_the_quadrature_over_a_whole_section[0.1],not_run,unobserved
tests/test_biotpolygonanalytic.py::test_the_closed_form_field_tracks_the_quadrature_over_a_whole_section[0.3],not_run,unobserved
tests/test_biotpolygonanalytic.py::test_the_closed_form_field_tracks_the_quadrature_over_a_whole_section[1.0],not_run,unobserved
tests/test_biotpolygonanalytic.py::test_the_closed_form_holds_its_recorded_envelope_over_the_gate_sections[hexagon],not_run,unobserved
tests/test_biotpolygonanalytic.py::test_the_closed_form_holds_its_recorded_envelope_over_the_gate_sections[rectangle],not_run,unobserved
tests/test_biotpolygonanalytic.py::test_the_closed_form_holds_its_recorded_envelope_over_the_gate_sections[thin_plate],not_run,unobserved
tests/test_biotpolygonanalytic.py::test_the_closed_form_holds_its_recorded_envelope_over_the_gate_sections[trapezium],not_run,unobserved
tests/test_biotpolygonanalytic.py::test_the_closed_form_reproduces_the_edge_field_integral[reversed-0-r],not_run,unobserved
tests/test_biotpolygonanalytic.py::test_the_closed_form_reproduces_the_edge_field_integral[reversed-0-z],not_run,unobserved
tests/test_biotpolygonanalytic.py::test_the_closed_form_reproduces_the_edge_field_integral[reversed-1-r],not_run,unobserved
tests/test_biotpolygonanalytic.py::test_the_closed_form_reproduces_the_edge_field_integral[reversed-1-z],not_run,unobserved
tests/test_biotpolygonanalytic.py::test_the_closed_form_reproduces_the_edge_field_integral[sloped-0-r],not_run,unobserved
tests/test_biotpolygonanalytic.py::test_the_closed_form_reproduces_the_edge_field_integral[sloped-0-z],not_run,unobserved
tests/test_biotpolygonanalytic.py::test_the_closed_form_reproduces_the_edge_field_integral[sloped-1-r],not_run,unobserved
tests/test_biotpolygonanalytic.py::test_the_closed_form_reproduces_the_edge_field_integral[sloped-1-z],not_run,unobserved
tests/test_biotpolygonanalytic.py::test_the_closed_form_reproduces_the_edge_field_integral[steep-0-r],not_run,unobserved
tests/test_biotpolygonanalytic.py::test_the_closed_form_reproduces_the_edge_field_integral[steep-0-z],not_run,unobserved
tests/test_biotpolygonanalytic.py::test_the_closed_form_reproduces_the_edge_field_integral[steep-1-r],not_run,unobserved
tests/test_biotpolygonanalytic.py::test_the_closed_form_reproduces_the_edge_field_integral[steep-1-z],not_run,unobserved
tests/test_biotpolygonanalytic.py::test_the_closed_form_reproduces_the_edge_field_integral[vertical-0-r],not_run,unobserved
tests/test_biotpolygonanalytic.py::test_the_closed_form_reproduces_the_edge_field_integral[vertical-0-z],not_run,unobserved
tests/test_biotpolygonanalytic.py::test_the_closed_form_reproduces_the_edge_field_integral[vertical-1-r],not_run,unobserved
tests/test_biotpolygonanalytic.py::test_the_closed_form_reproduces_the_edge_field_integral[vertical-1-z],not_run,unobserved
tests/test_biotpolygonanalytic.py::test_the_closed_form_reproduces_the_edge_integral_it_replaces[reversed-0],not_run,unobserved
tests/test_biotpolygonanalytic.py::test_the_closed_form_reproduces_the_edge_integral_it_replaces[reversed-1],not_run,unobserved
tests/test_biotpolygonanalytic.py::test_the_closed_form_reproduces_the_edge_integral_it_replaces[sloped-0],not_run,unobserved
tests/test_biotpolygonanalytic.py::test_the_closed_form_reproduces_the_edge_integral_it_replaces[sloped-1],not_run,unobserved
tests/test_biotpolygonanalytic.py::test_the_closed_form_reproduces_the_edge_integral_it_replaces[steep-0],not_run,unobserved
tests/test_biotpolygonanalytic.py::test_the_closed_form_reproduces_the_edge_integral_it_replaces[steep-1],not_run,unobserved
tests/test_biotpolygonanalytic.py::test_the_closed_form_reproduces_the_edge_integral_it_replaces[vertical-0],not_run,unobserved
tests/test_biotpolygonanalytic.py::test_the_closed_form_reproduces_the_edge_integral_it_replaces[vertical-1],not_run,unobserved
tests/test_biotpolygonanalytic.py::test_the_closed_form_reproduces_the_rectangle_kernel_for_vertical_edges,not_run,unobserved
tests/test_biotpolygonanalytic.py::test_the_closed_form_tracks_the_quadrature_over_a_whole_section[0.01],not_run,unobserved
tests/test_biotpolygonanalytic.py::test_the_closed_form_tracks_the_quadrature_over_a_whole_section[0.03],not_run,unobserved
tests/test_biotpolygonanalytic.py::test_the_closed_form_tracks_the_quadrature_over_a_whole_section[0.1],not_run,unobserved
tests/test_biotpolygonanalytic.py::test_the_closed_form_tracks_the_quadrature_over_a_whole_section[0.3],not_run,unobserved
tests/test_biotpolygonanalytic.py::test_the_closed_form_tracks_the_quadrature_over_a_whole_section[1.0],not_run,unobserved
tests/test_biotpolygonanalytic.py::test_the_corner_term_cancels_around_an_unbroken_chain[hexagon],not_run,unobserved
tests/test_biotpolygonanalytic.py::test_the_corner_term_cancels_around_an_unbroken_chain[thin_plate],not_run,unobserved
tests/test_biotpolygonanalytic.py::test_the_corner_term_cancels_around_an_unbroken_chain[trapezium],not_run,unobserved
tests/test_biotpolygonanalytic.py::test_the_corner_term_survives_where_a_horizontal_edge_breaks_the_chain,not_run,unobserved
tests/test_biotpolygonanalytic.py::test_the_corner_work_is_done_once_per_corner[hexagon],not_run,unobserved
tests/test_biotpolygonanalytic.py::test_the_corner_work_is_done_once_per_corner[rectangle],not_run,unobserved
tests/test_biotpolygonanalytic.py::test_the_corner_work_is_done_once_per_corner[thin_plate],not_run,unobserved
tests/test_biotpolygonanalytic.py::test_the_corner_work_is_done_once_per_corner[trapezium],not_run,unobserved
tests/test_biotpolygonanalytic.py::test_the_edge_field_reference_is_converged_so_it_can_be_used_as_one[reversed-r],not_run,unobserved
tests/test_biotpolygonanalytic.py::test_the_edge_field_reference_is_converged_so_it_can_be_used_as_one[reversed-z],not_run,unobserved
tests/test_biotpolygonanalytic.py::test_the_edge_field_reference_is_converged_so_it_can_be_used_as_one[sloped-r],not_run,unobserved
tests/test_biotpolygonanalytic.py::test_the_edge_field_reference_is_converged_so_it_can_be_used_as_one[sloped-z],not_run,unobserved
tests/test_biotpolygonanalytic.py::test_the_edge_field_reference_is_converged_so_it_can_be_used_as_one[steep-r],not_run,unobserved
tests/test_biotpolygonanalytic.py::test_the_edge_field_reference_is_converged_so_it_can_be_used_as_one[steep-z],not_run,unobserved
tests/test_biotpolygonanalytic.py::test_the_edge_field_reference_is_converged_so_it_can_be_used_as_one[vertical-r],not_run,unobserved
tests/test_biotpolygonanalytic.py::test_the_edge_field_reference_is_converged_so_it_can_be_used_as_one[vertical-z],not_run,unobserved
tests/test_biotpolygonanalytic.py::test_the_evaluation_is_continuous_through_a_vertex[hexagon],not_run,unobserved
tests/test_biotpolygonanalytic.py::test_the_evaluation_is_continuous_through_a_vertex[rectangle],not_run,unobserved
tests/test_biotpolygonanalytic.py::test_the_evaluation_is_continuous_through_a_vertex[thin_plate],not_run,unobserved
tests/test_biotpolygonanalytic.py::test_the_evaluation_is_continuous_through_a_vertex[trapezium],not_run,unobserved
tests/test_biotpolygonanalytic.py::test_the_field_is_clean_on_the_axis,not_run,unobserved
tests/test_biotpolygonanalytic.py::test_the_neighbourhood_of_a_vertex_is_evaluated_too[hexagon-1e-06],not_run,unobserved
tests/test_biotpolygonanalytic.py::test_the_neighbourhood_of_a_vertex_is_evaluated_too[hexagon-1e-09],not_run,unobserved
tests/test_biotpolygonanalytic.py::test_the_neighbourhood_of_a_vertex_is_evaluated_too[hexagon-1e-12],not_run,unobserved
tests/test_biotpolygonanalytic.py::test_the_neighbourhood_of_a_vertex_is_evaluated_too[rectangle-1e-06],not_run,unobserved
tests/test_biotpolygonanalytic.py::test_the_neighbourhood_of_a_vertex_is_evaluated_too[rectangle-1e-09],not_run,unobserved
tests/test_biotpolygonanalytic.py::test_the_neighbourhood_of_a_vertex_is_evaluated_too[rectangle-1e-12],not_run,unobserved
tests/test_biotpolygonanalytic.py::test_the_neighbourhood_of_a_vertex_is_evaluated_too[thin_plate-1e-06],not_run,unobserved
tests/test_biotpolygonanalytic.py::test_the_neighbourhood_of_a_vertex_is_evaluated_too[thin_plate-1e-09],not_run,unobserved
tests/test_biotpolygonanalytic.py::test_the_neighbourhood_of_a_vertex_is_evaluated_too[thin_plate-1e-12],not_run,unobserved
tests/test_biotpolygonanalytic.py::test_the_neighbourhood_of_a_vertex_is_evaluated_too[trapezium-1e-06],not_run,unobserved
tests/test_biotpolygonanalytic.py::test_the_neighbourhood_of_a_vertex_is_evaluated_too[trapezium-1e-09],not_run,unobserved
tests/test_biotpolygonanalytic.py::test_the_neighbourhood_of_a_vertex_is_evaluated_too[trapezium-1e-12],not_run,unobserved
tests/test_biotpolygonanalytic.py::test_the_oracle_is_converged_so_it_can_be_used_as_one,not_run,unobserved
tests/test_biotpolygonanalytic.py::test_the_packed_driver_reproduces_the_host_driver[hexagon],not_run,unobserved
tests/test_biotpolygonanalytic.py::test_the_packed_driver_reproduces_the_host_driver[rectangle],not_run,unobserved
tests/test_biotpolygonanalytic.py::test_the_packed_driver_reproduces_the_host_driver[thin_plate],not_run,unobserved
tests/test_biotpolygonanalytic.py::test_the_packed_driver_reproduces_the_host_driver[trapezium],not_run,unobserved
tests/test_biotpolygonanalytic.py::test_the_packed_driver_takes_a_batch_of_unlike_sections_in_one_call,not_run,unobserved
tests/test_biotpolygonanalytic.py::test_the_two_edges_at_a_corner_are_handed_the_same_corner[hexagon],not_run,unobserved
tests/test_biotpolygonanalytic.py::test_the_two_edges_at_a_corner_are_handed_the_same_corner[rectangle],not_run,unobserved
tests/test_biotpolygonanalytic.py::test_the_two_edges_at_a_corner_are_handed_the_same_corner[thin_plate],not_run,unobserved
tests/test_biotpolygonanalytic.py::test_the_two_edges_at_a_corner_are_handed_the_same_corner[trapezium],not_run,unobserved
tests/test_biotpolygonarc.py::test_a_horizontal_edge_contributes_nothing,not_run,unobserved
tests/test_biotpolygonarc.py::test_a_quarter_turn_amplitude_reproduces_the_full_turns_own_values[reversed],not_run,unobserved
tests/test_biotpolygonarc.py::test_a_quarter_turn_amplitude_reproduces_the_full_turns_own_values[sloped],not_run,unobserved
tests/test_biotpolygonarc.py::test_a_quarter_turn_amplitude_reproduces_the_full_turns_own_values[steep],not_run,unobserved
tests/test_biotpolygonarc.py::test_a_quarter_turn_amplitude_reproduces_the_full_turns_own_values[vertical],not_run,unobserved
tests/test_biotpolygonarc.py::test_a_rectangular_section_reproduces_bow,not_run,unobserved
tests/test_biotpolygonarc.py::test_a_single_gauss_rule_over_the_sweep_is_not_a_reference,not_run,unobserved
tests/test_biotpolygonarc.py::test_the_arc_is_finite_where_a_target_is_level_with_a_corner,not_run,unobserved
tests/test_biotpolygonarc.py::test_the_closed_form_matches_the_volume_integral[hexagon-long],not_run,unobserved
tests/test_biotpolygonarc.py::test_the_closed_form_matches_the_volume_integral[hexagon-short],not_run,unobserved
tests/test_biotpolygonarc.py::test_the_closed_form_matches_the_volume_integral[hexagon-straddling],not_run,unobserved
tests/test_biotpolygonarc.py::test_the_closed_form_matches_the_volume_integral[hexagon-turn],not_run,unobserved
tests/test_biotpolygonarc.py::test_the_closed_form_matches_the_volume_integral[rectangle-long],not_run,unobserved
tests/test_biotpolygonarc.py::test_the_closed_form_matches_the_volume_integral[rectangle-short],not_run,unobserved
tests/test_biotpolygonarc.py::test_the_closed_form_matches_the_volume_integral[rectangle-straddling],not_run,unobserved
tests/test_biotpolygonarc.py::test_the_closed_form_matches_the_volume_integral[rectangle-turn],not_run,unobserved
tests/test_biotpolygonarc.py::test_the_closed_form_matches_the_volume_integral[thin_plate-long],not_run,unobserved
tests/test_biotpolygonarc.py::test_the_closed_form_matches_the_volume_integral[thin_plate-short],not_run,unobserved
tests/test_biotpolygonarc.py::test_the_closed_form_matches_the_volume_integral[thin_plate-straddling],not_run,unobserved
tests/test_biotpolygonarc.py::test_the_closed_form_matches_the_volume_integral[thin_plate-turn],not_run,unobserved
tests/test_biotpolygonarc.py::test_the_closed_form_matches_the_volume_integral[trapezium-long],not_run,unobserved
tests/test_biotpolygonarc.py::test_the_closed_form_matches_the_volume_integral[trapezium-short],not_run,unobserved
tests/test_biotpolygonarc.py::test_the_closed_form_matches_the_volume_integral[trapezium-straddling],not_run,unobserved
tests/test_biotpolygonarc.py::test_the_closed_form_matches_the_volume_integral[trapezium-turn],not_run,unobserved
tests/test_biotpolygonarc.py::test_the_edge_reference_is_converged_so_it_can_be_used_as_one,not_run,unobserved
tests/test_biotpolygonarc.py::test_the_recorded_envelopes_are_not_loose[hexagon],not_run,unobserved
tests/test_biotpolygonarc.py::test_the_recorded_envelopes_are_not_loose[rectangle],not_run,unobserved
tests/test_biotpolygonarc.py::test_the_recorded_envelopes_are_not_loose[thin_plate],not_run,unobserved
tests/test_biotpolygonarc.py::test_the_recorded_envelopes_are_not_loose[trapezium],not_run,unobserved
tests/test_biotpolygonarc.py::test_the_reduction_reproduces_the_edge_integral_at_an_interior_amplitude[reversed-0.35],not_run,unobserved
tests/test_biotpolygonarc.py::test_the_reduction_reproduces_the_edge_integral_at_an_interior_amplitude[reversed-0.7],not_run,unobserved
tests/test_biotpolygonarc.py::test_the_reduction_reproduces_the_edge_integral_at_an_interior_amplitude[reversed-1.2],not_run,unobserved
tests/test_biotpolygonarc.py::test_the_reduction_reproduces_the_edge_integral_at_an_interior_amplitude[reversed-1.5707963267948966],not_run,unobserved
tests/test_biotpolygonarc.py::test_the_reduction_reproduces_the_edge_integral_at_an_interior_amplitude[sloped-0.35],not_run,unobserved
tests/test_biotpolygonarc.py::test_the_reduction_reproduces_the_edge_integral_at_an_interior_amplitude[sloped-0.7],not_run,unobserved
tests/test_biotpolygonarc.py::test_the_reduction_reproduces_the_edge_integral_at_an_interior_amplitude[sloped-1.2],not_run,unobserved
tests/test_biotpolygonarc.py::test_the_reduction_reproduces_the_edge_integral_at_an_interior_amplitude[sloped-1.5707963267948966],not_run,unobserved
tests/test_biotpolygonarc.py::test_the_reduction_reproduces_the_edge_integral_at_an_interior_amplitude[steep-0.35],not_run,unobserved
tests/test_biotpolygonarc.py::test_the_reduction_reproduces_the_edge_integral_at_an_interior_amplitude[steep-0.7],not_run,unobserved
tests/test_biotpolygonarc.py::test_the_reduction_reproduces_the_edge_integral_at_an_interior_amplitude[steep-1.2],not_run,unobserved
tests/test_biotpolygonarc.py::test_the_reduction_reproduces_the_edge_integral_at_an_interior_amplitude[steep-1.5707963267948966],not_run,unobserved
tests/test_biotpolygonarc.py::test_the_reduction_reproduces_the_edge_integral_at_an_interior_amplitude[vertical-0.35],not_run,unobserved
tests/test_biotpolygonarc.py::test_the_reduction_reproduces_the_edge_integral_at_an_interior_amplitude[vertical-0.7],not_run,unobserved
tests/test_biotpolygonarc.py::test_the_reduction_reproduces_the_edge_integral_at_an_interior_amplitude[vertical-1.2],not_run,unobserved
tests/test_biotpolygonarc.py::test_the_reduction_reproduces_the_edge_integral_at_an_interior_amplitude[vertical-1.5707963267948966],not_run,unobserved
tests/test_biotpolygonarc.py::test_the_sweep_to_a_full_turn_reproduces_the_ring[hexagon],not_run,unobserved
tests/test_biotpolygonarc.py::test_the_sweep_to_a_full_turn_reproduces_the_ring[rectangle],not_run,unobserved
tests/test_biotpolygonarc.py::test_the_sweep_to_a_full_turn_reproduces_the_ring[thin_plate],not_run,unobserved
tests/test_biotpolygonarc.py::test_the_sweep_to_a_full_turn_reproduces_the_ring[trapezium],not_run,unobserved
tests/test_biotpolygonarc.py::test_the_volume_reference_is_converged_where_the_gate_reads_it,not_run,unobserved
tests/test_biotpolygongradient.py::test_agreement_is_independent_of_the_quadrature_rule[rule0],not_run,unobserved
tests/test_biotpolygongradient.py::test_agreement_is_independent_of_the_quadrature_rule[rule1],not_run,unobserved
tests/test_biotpolygongradient.py::test_agreement_is_independent_of_the_quadrature_rule[rule2],not_run,unobserved
tests/test_biotpolygongradient.py::test_agreement_is_independent_of_the_quadrature_rule[rule3],not_run,unobserved
tests/test_biotpolygongradient.py::test_closed_form_gradient_matches_complex_step[vertices0],not_run,unobserved
tests/test_biotpolygongradient.py::test_closed_form_gradient_matches_complex_step[vertices1],not_run,unobserved
tests/test_biotpolygongradient.py::test_closed_form_gradient_matches_complex_step[vertices2],not_run,unobserved
tests/test_biotpolygongradient.py::test_public_kernel_reproduces_the_complex_step_field,not_run,unobserved
tests/test_biotpolygongradient.py::test_target_blocking_does_not_change_the_result,not_run,unobserved
tests/test_biotpolygongradient.py::test_targets_inside_the_conductor_agree,not_run,unobserved
tests/test_biotpolygonmoments.py::test_field_moment_blocks_match_midpoint_subdivision_near_and_far,not_run,unobserved
tests/test_biotpolygonmoments.py::test_field_moment_expansion_point_translation_identity,not_run,unobserved
tests/test_biotpolygonmoments.py::test_flux_moment_blocks_match_midpoint_subdivision_near_and_far,not_run,unobserved
tests/test_biotpolygonmoments.py::test_flux_moment_expansion_point_translation_identity,not_run,unobserved
tests/test_biotpolygonmoments.py::test_hexagon_field_moment_parity_zeros,not_run,unobserved
tests/test_biotpolygonmoments.py::test_hexagon_vertical_flux_moment_vanishes_by_symmetry,not_run,unobserved
tests/test_biotpolygonmoments.py::test_zero_field_moment_coefficients_reduce_to_uniform_kernels,not_run,unobserved
tests/test_biotpolygonmoments.py::test_zero_moment_coefficients_reduce_to_uniform_flux_kernel,not_run,unobserved
tests/test_biotpolysection.py::test_a_hexagon_authored_machine_couples_the_exact_section_moments,not_run,unobserved
tests/test_biotpolysection.py::test_a_hexagonal_plasma_cell_is_coupled_as_the_finite_section_it_is,not_run,unobserved
tests/test_biotpolysection.py::test_a_rectangular_plasma_mesh_routes_only_complete_cells_to_cylinder,not_run,unobserved
tests/test_biotpolysection.py::test_a_rectangular_section_reproduces_the_closed_form_kernel,not_run,unobserved
tests/test_biotpolysection.py::test_a_target_on_a_section_edge_stays_finite,not_run,unobserved
tests/test_biotpolysection.py::test_accelerator_policy_requires_the_exact_axisymmetric_ring_lane,not_run,unobserved
tests/test_biotpolysection.py::test_adding_moment_attributes_keeps_uniform_assembly_bitwise_identical,not_run,unobserved
tests/test_biotpolysection.py::test_coilset_factories_reject_routes_outside_the_cache_identity,not_run,unobserved
tests/test_biotpolysection.py::test_every_real_plasma_cell_evaluates_in_closed_form_including_the_clipped_ones,not_run,unobserved
tests/test_biotpolysection.py::test_hex_mesh_moment_attributes_match_direct_polygon_evaluation,not_run,unobserved
tests/test_biotpolysection.py::test_hollow_source_integrates_only_positive_material_triangles,not_run,unobserved
tests/test_biotpolysection.py::test_plasma_assemblies_request_kernel_axis_companions,not_run,unobserved
tests/test_biotpolysection.py::test_policy_exposes_only_exact_section_kernels,not_run,unobserved
tests/test_biotpolysection.py::test_policy_numeric_domains_have_one_canonical_cache_key,not_run,unobserved
tests/test_biotpolysection.py::test_preclip_samples_come_from_the_verified_authored_generator,not_run,unobserved
tests/test_biotpolysection.py::test_the_closed_form_is_reached_through_the_production_configuration,not_run,unobserved
tests/test_biotpolysection.py::test_the_far_field_reproduces_the_point_filament,not_run,unobserved
tests/test_biotpolysection.py::test_the_flux_stays_finite_and_smooth_through_the_conductor,not_run,unobserved
tests/test_biotpolysection.py::test_the_plasma_grid_defaults_to_hexagonal_cells,not_run,unobserved
tests/test_biotpolysection.py::test_the_quadrature_override_reaches_the_kernel,not_run,unobserved
tests/test_biotpolysection.py::test_the_section_orientation_does_not_change_the_field[-1],not_run,unobserved
tests/test_biotpolysection.py::test_the_section_orientation_does_not_change_the_field[1],not_run,unobserved
tests/test_biotpolysection.py::test_the_shipped_default_is_the_closed_form_everywhere,not_run,unobserved
tests/test_biotpolysection.py::test_vector_potential_masks_the_magnetic_axis_division,not_run,unobserved
tests/test_biotrangefunction.py::test_a_product_of_bounded_factors_keeps_bounded_coefficients,not_run,unobserved
tests/test_biotrangefunction.py::test_a_series_and_its_range_function_are_the_same_function[alternating],not_run,unobserved
tests/test_biotrangefunction.py::test_a_series_and_its_range_function_are_the_same_function[constant],not_run,unobserved
tests/test_biotrangefunction.py::test_a_series_and_its_range_function_are_the_same_function[deep],not_run,unobserved
tests/test_biotrangefunction.py::test_a_series_and_its_range_function_are_the_same_function[linear],not_run,unobserved
tests/test_biotrangefunction.py::test_a_series_and_its_range_function_are_the_same_function[quadratic],not_run,unobserved
tests/test_biotrangefunction.py::test_deflation_reproduces_the_series_it_divided[-1.0],not_run,unobserved
tests/test_biotrangefunction.py::test_deflation_reproduces_the_series_it_divided[-1.5],not_run,unobserved
tests/test_biotrangefunction.py::test_deflation_reproduces_the_series_it_divided[1.05],not_run,unobserved
tests/test_biotrangefunction.py::test_deflation_reproduces_the_series_it_divided[1.0],not_run,unobserved
tests/test_biotrangefunction.py::test_the_algebra_keeps_end_values_out_of_the_series,not_run,unobserved
tests/test_biotrangefunction.py::test_the_deflation_is_why_a_far_root_takes_the_other_route,not_run,unobserved
tests/test_biotrangefunction.py::test_the_helpers_carry_arrays_as_readily_as_scalars,not_run,unobserved
tests/test_biotrangefunction.py::test_the_rising_integral_is_the_integral_it_claims_to_be[alternating],not_run,unobserved
tests/test_biotrangefunction.py::test_the_rising_integral_is_the_integral_it_claims_to_be[constant],not_run,unobserved
tests/test_biotrangefunction.py::test_the_rising_integral_is_the_integral_it_claims_to_be[deep],not_run,unobserved
tests/test_biotrangefunction.py::test_the_rising_integral_is_the_integral_it_claims_to_be[linear],not_run,unobserved
tests/test_biotrangefunction.py::test_the_rising_integral_is_the_integral_it_claims_to_be[quadratic],not_run,unobserved
tests/test_biotrangefunction.py::test_the_rising_integral_reaches_the_whole_range_at_a_quarter_turn,not_run,unobserved
tests/test_biotrangefunction.py::test_the_rising_integral_vanishes_at_the_lower_limit_exactly[alternating],not_run,unobserved
tests/test_biotrangefunction.py::test_the_rising_integral_vanishes_at_the_lower_limit_exactly[constant],not_run,unobserved
tests/test_biotrangefunction.py::test_the_rising_integral_vanishes_at_the_lower_limit_exactly[deep],not_run,unobserved
tests/test_biotrangefunction.py::test_the_rising_integral_vanishes_at_the_lower_limit_exactly[linear],not_run,unobserved
tests/test_biotrangefunction.py::test_the_rising_integral_vanishes_at_the_lower_limit_exactly[quadratic],not_run,unobserved
tests/test_biotrangefunction.py::test_the_round_trip_returns_the_range_function_it_started_from[alternating],not_run,unobserved
tests/test_biotrangefunction.py::test_the_round_trip_returns_the_range_function_it_started_from[constant],not_run,unobserved
tests/test_biotrangefunction.py::test_the_round_trip_returns_the_range_function_it_started_from[deep],not_run,unobserved
tests/test_biotrangefunction.py::test_the_round_trip_returns_the_range_function_it_started_from[linear],not_run,unobserved
tests/test_biotrangefunction.py::test_the_round_trip_returns_the_range_function_it_started_from[quadratic],not_run,unobserved
tests/test_biotrangefunction.py::test_the_round_trip_returns_the_series_it_started_from[alternating],not_run,unobserved
tests/test_biotrangefunction.py::test_the_round_trip_returns_the_series_it_started_from[constant],not_run,unobserved
tests/test_biotrangefunction.py::test_the_round_trip_returns_the_series_it_started_from[deep],not_run,unobserved
tests/test_biotrangefunction.py::test_the_round_trip_returns_the_series_it_started_from[linear],not_run,unobserved
tests/test_biotrangefunction.py::test_the_round_trip_returns_the_series_it_started_from[quadratic],not_run,unobserved
tests/test_biotrangefunction.py::test_the_series_helpers_add_and_scale_as_functions,not_run,unobserved
tests/test_biotsectionaverage.py::test_a_concave_section_has_only_positive_area_weights,not_run,unobserved
tests/test_biotsectionaverage.py::test_hexagonal_target_rule_convergence_against_the_double_integral_arbiter,not_run,unobserved
tests/test_biotsectionaverage.py::test_holes_and_disconnected_material_keep_positive_weights[1],not_run,unobserved
tests/test_biotsectionaverage.py::test_holes_and_disconnected_material_keep_positive_weights[2],not_run,unobserved
tests/test_biotsectionaverage.py::test_holes_and_disconnected_material_keep_positive_weights[3],not_run,unobserved
tests/test_biotsectionaverage.py::test_holes_and_disconnected_material_keep_positive_weights[5],not_run,unobserved
tests/test_biotsectionaverage.py::test_nonpositive_section_area_is_rejected,not_run,unobserved
tests/test_biotsectionaverage.py::test_section_area_is_stable_under_large_translation[translation0],not_run,unobserved
tests/test_biotsectionaverage.py::test_section_area_is_stable_under_large_translation[translation1],not_run,unobserved
tests/test_biotsectionaverage.py::test_the_coincident_integrand_is_bounded_on_the_closed_section,not_run,unobserved
tests/test_biotsectionaverage.py::test_the_double_integral_is_reciprocal_where_the_single_integral_is_not,not_run,unobserved
tests/test_biotsectionaverage.py::test_the_oracle_reproduces_the_closed_form_where_both_are_ordinary,not_run,unobserved
tests/test_biotsectionaverage.py::test_the_rule_loses_order_to_the_section_aspect_ratio,not_run,unobserved
tests/test_biotsectionaverage.py::test_the_rule_reproduces_the_centroid_of_its_own_section[coil filament],not_run,unobserved
tests/test_biotsectionaverage.py::test_the_rule_reproduces_the_centroid_of_its_own_section[plasma cell],not_run,unobserved
tests/test_biotsectionaverage.py::test_the_rule_reproduces_the_centroid_of_its_own_section[slender],not_run,unobserved
tests/test_biotsectionaverage.py::test_the_rule_reproduces_the_centroid_of_its_own_section[wall-clipped],not_run,unobserved
tests/test_biotsectionaverage.py::test_the_self_term_converges_onto_the_published_ring_inductance[0.005],not_run,unobserved
tests/test_biotsectionaverage.py::test_the_self_term_converges_onto_the_published_ring_inductance[0.01],not_run,unobserved
tests/test_biotsectionaverage.py::test_the_self_term_converges_onto_the_published_ring_inductance[0.05],not_run,unobserved
tests/test_biotsectionaverage.py::test_the_self_term_converges_onto_the_published_ring_inductance[0.2],not_run,unobserved
tests/test_biotsectionaverage.py::test_the_shipped_order_holds_the_self_term_against_the_brute_force[coil filament],not_run,unobserved
tests/test_biotsectionaverage.py::test_the_shipped_order_holds_the_self_term_against_the_brute_force[plasma cell],not_run,unobserved
tests/test_biotsectionaverage.py::test_the_shipped_order_holds_the_self_term_against_the_brute_force[slender],not_run,unobserved
tests/test_biotsectionaverage.py::test_the_shipped_order_holds_the_self_term_against_the_brute_force[wall-clipped],not_run,unobserved
tests/test_biotsectionaverage.py::test_the_shipped_order_is_converged_on_the_coincident_term[coil filament],not_run,unobserved
tests/test_biotsectionaverage.py::test_the_shipped_order_is_converged_on_the_coincident_term[plasma cell],not_run,unobserved
tests/test_biotsectionaverage.py::test_the_shipped_order_is_converged_on_the_coincident_term[slender],not_run,unobserved
tests/test_biotsectionaverage.py::test_the_shipped_order_is_converged_on_the_coincident_term[wall-clipped],not_run,unobserved
tests/test_biotsectionaverage.py::test_the_weights_sum_to_the_section_area[coil filament],not_run,unobserved
tests/test_biotsectionaverage.py::test_the_weights_sum_to_the_section_area[plasma cell],not_run,unobserved
tests/test_biotsectionaverage.py::test_the_weights_sum_to_the_section_area[slender],not_run,unobserved
tests/test_biotsectionaverage.py::test_the_weights_sum_to_the_section_area[wall-clipped],not_run,unobserved
tests/test_biotsinemoments.py::test_a_root_on_the_range_end_returns_the_rings_own_convention,not_run,unobserved
tests/test_biotsinemoments.py::test_inactive_seed_branches_are_held_at_the_exact_confluence,not_run,unobserved
tests/test_biotsinemoments.py::test_the_closure_headroom_is_needed_at_the_shipped_depth,not_run,unobserved
tests/test_biotsinemoments.py::test_the_exact_quarter_confluence_has_analytic_moments_without_warnings,not_run,unobserved
tests/test_biotsinemoments.py::test_the_harmonic_cosines_are_exact_at_a_quarter_turn,not_run,unobserved
tests/test_biotsinemoments.py::test_the_pole_recursion_holds_on_this_family_too[0.05-0.25-False],not_run,unobserved
tests/test_biotsinemoments.py::test_the_pole_recursion_holds_on_this_family_too[0.05-0.25-True],not_run,unobserved
tests/test_biotsinemoments.py::test_the_pole_recursion_holds_on_this_family_too[0.05-1.0-False],not_run,unobserved
tests/test_biotsinemoments.py::test_the_pole_recursion_holds_on_this_family_too[0.05-1.0-True],not_run,unobserved
tests/test_biotsinemoments.py::test_the_pole_recursion_holds_on_this_family_too[0.05-1000.0-False],not_run,unobserved
tests/test_biotsinemoments.py::test_the_pole_recursion_holds_on_this_family_too[0.05-1000.0-True],not_run,unobserved
tests/test_biotsinemoments.py::test_the_pole_recursion_holds_on_this_family_too[0.05-4.0-False],not_run,unobserved
tests/test_biotsinemoments.py::test_the_pole_recursion_holds_on_this_family_too[0.05-4.0-True],not_run,unobserved
tests/test_biotsinemoments.py::test_the_pole_recursion_holds_on_this_family_too[0.4-0.25-False],not_run,unobserved
tests/test_biotsinemoments.py::test_the_pole_recursion_holds_on_this_family_too[0.4-0.25-True],not_run,unobserved
tests/test_biotsinemoments.py::test_the_pole_recursion_holds_on_this_family_too[0.4-1.0-False],not_run,unobserved
tests/test_biotsinemoments.py::test_the_pole_recursion_holds_on_this_family_too[0.4-1.0-True],not_run,unobserved
tests/test_biotsinemoments.py::test_the_pole_recursion_holds_on_this_family_too[0.4-1000.0-False],not_run,unobserved
tests/test_biotsinemoments.py::test_the_pole_recursion_holds_on_this_family_too[0.4-1000.0-True],not_run,unobserved
tests/test_biotsinemoments.py::test_the_pole_recursion_holds_on_this_family_too[0.4-4.0-False],not_run,unobserved
tests/test_biotsinemoments.py::test_the_pole_recursion_holds_on_this_family_too[0.4-4.0-True],not_run,unobserved
tests/test_biotsinemoments.py::test_the_pole_recursion_holds_on_this_family_too[1.0-0.25-False],not_run,unobserved
tests/test_biotsinemoments.py::test_the_pole_recursion_holds_on_this_family_too[1.0-0.25-True],not_run,unobserved
tests/test_biotsinemoments.py::test_the_pole_recursion_holds_on_this_family_too[1.0-1.0-False],not_run,unobserved
tests/test_biotsinemoments.py::test_the_pole_recursion_holds_on_this_family_too[1.0-1.0-True],not_run,unobserved
tests/test_biotsinemoments.py::test_the_pole_recursion_holds_on_this_family_too[1.0-1000.0-False],not_run,unobserved
tests/test_biotsinemoments.py::test_the_pole_recursion_holds_on_this_family_too[1.0-1000.0-True],not_run,unobserved
tests/test_biotsinemoments.py::test_the_pole_recursion_holds_on_this_family_too[1.0-4.0-False],not_run,unobserved
tests/test_biotsinemoments.py::test_the_pole_recursion_holds_on_this_family_too[1.0-4.0-True],not_run,unobserved
tests/test_biotsinemoments.py::test_the_pole_seed_is_elementary_and_holds_at_every_shift[0.01-0.01-0.0001-False],not_run,unobserved
tests/test_biotsinemoments.py::test_the_pole_seed_is_elementary_and_holds_at_every_shift[0.01-0.01-0.0001-True],not_run,unobserved
tests/test_biotsinemoments.py::test_the_pole_seed_is_elementary_and_holds_at_every_shift[0.01-0.01-0.01-False],not_run,unobserved
tests/test_biotsinemoments.py::test_the_pole_seed_is_elementary_and_holds_at_every_shift[0.01-0.01-0.01-True],not_run,unobserved
tests/test_biotsinemoments.py::test_the_pole_seed_is_elementary_and_holds_at_every_shift[0.01-0.01-0.25-False],not_run,unobserved
tests/test_biotsinemoments.py::test_the_pole_seed_is_elementary_and_holds_at_every_shift[0.01-0.01-0.25-True],not_run,unobserved
tests/test_biotsinemoments.py::test_the_pole_seed_is_elementary_and_holds_at_every_shift[0.01-0.01-1.0-False],not_run,unobserved
tests/test_biotsinemoments.py::test_the_pole_seed_is_elementary_and_holds_at_every_shift[0.01-0.01-1.0-True],not_run,unobserved
tests/test_biotsinemoments.py::test_the_pole_seed_is_elementary_and_holds_at_every_shift[0.01-0.01-10000.0-False],not_run,unobserved
tests/test_biotsinemoments.py::test_the_pole_seed_is_elementary_and_holds_at_every_shift[0.01-0.01-10000.0-True],not_run,unobserved
tests/test_biotsinemoments.py::test_the_pole_seed_is_elementary_and_holds_at_every_shift[0.01-0.01-1000000.0-False],not_run,unobserved
tests/test_biotsinemoments.py::test_the_pole_seed_is_elementary_and_holds_at_every_shift[0.01-0.01-1000000.0-True],not_run,unobserved
tests/test_biotsinemoments.py::test_the_pole_seed_is_elementary_and_holds_at_every_shift[0.01-0.01-1e-06-False],not_run,unobserved
tests/test_biotsinemoments.py::test_the_pole_seed_is_elementary_and_holds_at_every_shift[0.01-0.01-1e-06-True],not_run,unobserved
tests/test_biotsinemoments.py::test_the_pole_seed_is_elementary_and_holds_at_every_shift[0.01-0.01-30.0-False],not_run,unobserved
tests/test_biotsinemoments.py::test_the_pole_seed_is_elementary_and_holds_at_every_shift[0.01-0.01-30.0-True],not_run,unobserved
tests/test_biotsinemoments.py::test_the_pole_seed_is_elementary_and_holds_at_every_shift[0.01-0.5-0.0001-False],not_run,unobserved
tests/test_biotsinemoments.py::test_the_pole_seed_is_elementary_and_holds_at_every_shift[0.01-0.5-0.0001-True],not_run,unobserved
tests/test_biotsinemoments.py::test_the_pole_seed_is_elementary_and_holds_at_every_shift[0.01-0.5-0.01-False],not_run,unobserved
tests/test_biotsinemoments.py::test_the_pole_seed_is_elementary_and_holds_at_every_shift[0.01-0.5-0.01-True],not_run,unobserved
tests/test_biotsinemoments.py::test_the_pole_seed_is_elementary_and_holds_at_every_shift[0.01-0.5-0.25-False],not_run,unobserved
tests/test_biotsinemoments.py::test_the_pole_seed_is_elementary_and_holds_at_every_shift[0.01-0.5-0.25-True],not_run,unobserved
tests/test_biotsinemoments.py::test_the_pole_seed_is_elementary_and_holds_at_every_shift[0.01-0.5-1.0-False],not_run,unobserved
tests/test_biotsinemoments.py::test_the_pole_seed_is_elementary_and_holds_at_every_shift[0.01-0.5-1.0-True],not_run,unobserved
tests/test_biotsinemoments.py::test_the_pole_seed_is_elementary_and_holds_at_every_shift[0.01-0.5-10000.0-False],not_run,unobserved
tests/test_biotsinemoments.py::test_the_pole_seed_is_elementary_and_holds_at_every_shift[0.01-0.5-10000.0-True],not_run,unobserved
tests/test_biotsinemoments.py::test_the_pole_seed_is_elementary_and_holds_at_every_shift[0.01-0.5-1000000.0-False],not_run,unobserved
tests/test_biotsinemoments.py::test_the_pole_seed_is_elementary_and_holds_at_every_shift[0.01-0.5-1000000.0-True],not_run,unobserved
tests/test_biotsinemoments.py::test_the_pole_seed_is_elementary_and_holds_at_every_shift[0.01-0.5-1e-06-False],not_run,unobserved
tests/test_biotsinemoments.py::test_the_pole_seed_is_elementary_and_holds_at_every_shift[0.01-0.5-1e-06-True],not_run,unobserved
tests/test_biotsinemoments.py::test_the_pole_seed_is_elementary_and_holds_at_every_shift[0.01-0.5-30.0-False],not_run,unobserved
tests/test_biotsinemoments.py::test_the_pole_seed_is_elementary_and_holds_at_every_shift[0.01-0.5-30.0-True],not_run,unobserved
tests/test_biotsinemoments.py::test_the_pole_seed_is_elementary_and_holds_at_every_shift[0.01-1.2-0.0001-False],not_run,unobserved
tests/test_biotsinemoments.py::test_the_pole_seed_is_elementary_and_holds_at_every_shift[0.01-1.2-0.0001-True],not_run,unobserved
tests/test_biotsinemoments.py::test_the_pole_seed_is_elementary_and_holds_at_every_shift[0.01-1.2-0.01-False],not_run,unobserved
tests/test_biotsinemoments.py::test_the_pole_seed_is_elementary_and_holds_at_every_shift[0.01-1.2-0.01-True],not_run,unobserved
tests/test_biotsinemoments.py::test_the_pole_seed_is_elementary_and_holds_at_every_shift[0.01-1.2-0.25-False],not_run,unobserved
tests/test_biotsinemoments.py::test_the_pole_seed_is_elementary_and_holds_at_every_shift[0.01-1.2-0.25-True],not_run,unobserved
tests/test_biotsinemoments.py::test_the_pole_seed_is_elementary_and_holds_at_every_shift[0.01-1.2-1.0-False],not_run,unobserved
tests/test_biotsinemoments.py::test_the_pole_seed_is_elementary_and_holds_at_every_shift[0.01-1.2-1.0-True],not_run,unobserved
tests/test_biotsinemoments.py::test_the_pole_seed_is_elementary_and_holds_at_every_shift[0.01-1.2-10000.0-False],not_run,unobserved
tests/test_biotsinemoments.py::test_the_pole_seed_is_elementary_and_holds_at_every_shift[0.01-1.2-10000.0-True],not_run,unobserved
tests/test_biotsinemoments.py::test_the_pole_seed_is_elementary_and_holds_at_every_shift[0.01-1.2-1000000.0-False],not_run,unobserved
tests/test_biotsinemoments.py::test_the_pole_seed_is_elementary_and_holds_at_every_shift[0.01-1.2-1000000.0-True],not_run,unobserved
tests/test_biotsinemoments.py::test_the_pole_seed_is_elementary_and_holds_at_every_shift[0.01-1.2-1e-06-False],not_run,unobserved
tests/test_biotsinemoments.py::test_the_pole_seed_is_elementary_and_holds_at_every_shift[0.01-1.2-1e-06-True],not_run,unobserved
tests/test_biotsinemoments.py::test_the_pole_seed_is_elementary_and_holds_at_every_shift[0.01-1.2-30.0-False],not_run,unobserved
tests/test_biotsinemoments.py::test_the_pole_seed_is_elementary_and_holds_at_every_shift[0.01-1.2-30.0-True],not_run,unobserved
tests/test_biotsinemoments.py::test_the_pole_seed_is_elementary_and_holds_at_every_shift[0.9-0.01-0.0001-False],not_run,unobserved
tests/test_biotsinemoments.py::test_the_pole_seed_is_elementary_and_holds_at_every_shift[0.9-0.01-0.0001-True],not_run,unobserved
tests/test_biotsinemoments.py::test_the_pole_seed_is_elementary_and_holds_at_every_shift[0.9-0.01-0.01-False],not_run,unobserved
tests/test_biotsinemoments.py::test_the_pole_seed_is_elementary_and_holds_at_every_shift[0.9-0.01-0.01-True],not_run,unobserved
tests/test_biotsinemoments.py::test_the_pole_seed_is_elementary_and_holds_at_every_shift[0.9-0.01-0.25-False],not_run,unobserved
tests/test_biotsinemoments.py::test_the_pole_seed_is_elementary_and_holds_at_every_shift[0.9-0.01-0.25-True],not_run,unobserved
tests/test_biotsinemoments.py::test_the_pole_seed_is_elementary_and_holds_at_every_shift[0.9-0.01-1.0-False],not_run,unobserved
tests/test_biotsinemoments.py::test_the_pole_seed_is_elementary_and_holds_at_every_shift[0.9-0.01-1.0-True],not_run,unobserved
tests/test_biotsinemoments.py::test_the_pole_seed_is_elementary_and_holds_at_every_shift[0.9-0.01-10000.0-False],not_run,unobserved
tests/test_biotsinemoments.py::test_the_pole_seed_is_elementary_and_holds_at_every_shift[0.9-0.01-10000.0-True],not_run,unobserved
tests/test_biotsinemoments.py::test_the_pole_seed_is_elementary_and_holds_at_every_shift[0.9-0.01-1000000.0-False],not_run,unobserved
tests/test_biotsinemoments.py::test_the_pole_seed_is_elementary_and_holds_at_every_shift[0.9-0.01-1000000.0-True],not_run,unobserved
tests/test_biotsinemoments.py::test_the_pole_seed_is_elementary_and_holds_at_every_shift[0.9-0.01-1e-06-False],not_run,unobserved
tests/test_biotsinemoments.py::test_the_pole_seed_is_elementary_and_holds_at_every_shift[0.9-0.01-1e-06-True],not_run,unobserved
tests/test_biotsinemoments.py::test_the_pole_seed_is_elementary_and_holds_at_every_shift[0.9-0.01-30.0-False],not_run,unobserved
tests/test_biotsinemoments.py::test_the_pole_seed_is_elementary_and_holds_at_every_shift[0.9-0.01-30.0-True],not_run,unobserved
tests/test_biotsinemoments.py::test_the_pole_seed_is_elementary_and_holds_at_every_shift[0.9-0.5-0.0001-False],not_run,unobserved
tests/test_biotsinemoments.py::test_the_pole_seed_is_elementary_and_holds_at_every_shift[0.9-0.5-0.0001-True],not_run,unobserved
tests/test_biotsinemoments.py::test_the_pole_seed_is_elementary_and_holds_at_every_shift[0.9-0.5-0.01-False],not_run,unobserved
tests/test_biotsinemoments.py::test_the_pole_seed_is_elementary_and_holds_at_every_shift[0.9-0.5-0.01-True],not_run,unobserved
tests/test_biotsinemoments.py::test_the_pole_seed_is_elementary_and_holds_at_every_shift[0.9-0.5-0.25-False],not_run,unobserved
tests/test_biotsinemoments.py::test_the_pole_seed_is_elementary_and_holds_at_every_shift[0.9-0.5-0.25-True],not_run,unobserved
tests/test_biotsinemoments.py::test_the_pole_seed_is_elementary_and_holds_at_every_shift[0.9-0.5-1.0-False],not_run,unobserved
tests/test_biotsinemoments.py::test_the_pole_seed_is_elementary_and_holds_at_every_shift[0.9-0.5-1.0-True],not_run,unobserved
tests/test_biotsinemoments.py::test_the_pole_seed_is_elementary_and_holds_at_every_shift[0.9-0.5-10000.0-False],not_run,unobserved
tests/test_biotsinemoments.py::test_the_pole_seed_is_elementary_and_holds_at_every_shift[0.9-0.5-10000.0-True],not_run,unobserved
tests/test_biotsinemoments.py::test_the_pole_seed_is_elementary_and_holds_at_every_shift[0.9-0.5-1000000.0-False],not_run,unobserved
tests/test_biotsinemoments.py::test_the_pole_seed_is_elementary_and_holds_at_every_shift[0.9-0.5-1000000.0-True],not_run,unobserved
tests/test_biotsinemoments.py::test_the_pole_seed_is_elementary_and_holds_at_every_shift[0.9-0.5-1e-06-False],not_run,unobserved
tests/test_biotsinemoments.py::test_the_pole_seed_is_elementary_and_holds_at_every_shift[0.9-0.5-1e-06-True],not_run,unobserved
tests/test_biotsinemoments.py::test_the_pole_seed_is_elementary_and_holds_at_every_shift[0.9-0.5-30.0-False],not_run,unobserved
tests/test_biotsinemoments.py::test_the_pole_seed_is_elementary_and_holds_at_every_shift[0.9-0.5-30.0-True],not_run,unobserved
tests/test_biotsinemoments.py::test_the_pole_seed_is_elementary_and_holds_at_every_shift[0.9-1.2-0.0001-False],not_run,unobserved
tests/test_biotsinemoments.py::test_the_pole_seed_is_elementary_and_holds_at_every_shift[0.9-1.2-0.0001-True],not_run,unobserved
tests/test_biotsinemoments.py::test_the_pole_seed_is_elementary_and_holds_at_every_shift[0.9-1.2-0.01-False],not_run,unobserved
tests/test_biotsinemoments.py::test_the_pole_seed_is_elementary_and_holds_at_every_shift[0.9-1.2-0.01-True],not_run,unobserved
tests/test_biotsinemoments.py::test_the_pole_seed_is_elementary_and_holds_at_every_shift[0.9-1.2-0.25-False],not_run,unobserved
tests/test_biotsinemoments.py::test_the_pole_seed_is_elementary_and_holds_at_every_shift[0.9-1.2-0.25-True],not_run,unobserved
tests/test_biotsinemoments.py::test_the_pole_seed_is_elementary_and_holds_at_every_shift[0.9-1.2-1.0-False],not_run,unobserved
tests/test_biotsinemoments.py::test_the_pole_seed_is_elementary_and_holds_at_every_shift[0.9-1.2-1.0-True],not_run,unobserved
tests/test_biotsinemoments.py::test_the_pole_seed_is_elementary_and_holds_at_every_shift[0.9-1.2-10000.0-False],not_run,unobserved
tests/test_biotsinemoments.py::test_the_pole_seed_is_elementary_and_holds_at_every_shift[0.9-1.2-10000.0-True],not_run,unobserved
tests/test_biotsinemoments.py::test_the_pole_seed_is_elementary_and_holds_at_every_shift[0.9-1.2-1000000.0-False],not_run,unobserved
tests/test_biotsinemoments.py::test_the_pole_seed_is_elementary_and_holds_at_every_shift[0.9-1.2-1000000.0-True],not_run,unobserved
tests/test_biotsinemoments.py::test_the_pole_seed_is_elementary_and_holds_at_every_shift[0.9-1.2-1e-06-False],not_run,unobserved
tests/test_biotsinemoments.py::test_the_pole_seed_is_elementary_and_holds_at_every_shift[0.9-1.2-1e-06-True],not_run,unobserved
tests/test_biotsinemoments.py::test_the_pole_seed_is_elementary_and_holds_at_every_shift[0.9-1.2-30.0-False],not_run,unobserved
tests/test_biotsinemoments.py::test_the_pole_seed_is_elementary_and_holds_at_every_shift[0.9-1.2-30.0-True],not_run,unobserved
tests/test_biotsinemoments.py::test_the_pole_seed_is_elementary_and_holds_at_every_shift[1e-08-0.01-0.0001-False],not_run,unobserved
tests/test_biotsinemoments.py::test_the_pole_seed_is_elementary_and_holds_at_every_shift[1e-08-0.01-0.0001-True],not_run,unobserved
tests/test_biotsinemoments.py::test_the_pole_seed_is_elementary_and_holds_at_every_shift[1e-08-0.01-0.01-False],not_run,unobserved
tests/test_biotsinemoments.py::test_the_pole_seed_is_elementary_and_holds_at_every_shift[1e-08-0.01-0.01-True],not_run,unobserved
tests/test_biotsinemoments.py::test_the_pole_seed_is_elementary_and_holds_at_every_shift[1e-08-0.01-0.25-False],not_run,unobserved
tests/test_biotsinemoments.py::test_the_pole_seed_is_elementary_and_holds_at_every_shift[1e-08-0.01-0.25-True],not_run,unobserved
tests/test_biotsinemoments.py::test_the_pole_seed_is_elementary_and_holds_at_every_shift[1e-08-0.01-1.0-False],not_run,unobserved
tests/test_biotsinemoments.py::test_the_pole_seed_is_elementary_and_holds_at_every_shift[1e-08-0.01-1.0-True],not_run,unobserved
tests/test_biotsinemoments.py::test_the_pole_seed_is_elementary_and_holds_at_every_shift[1e-08-0.01-10000.0-False],not_run,unobserved
tests/test_biotsinemoments.py::test_the_pole_seed_is_elementary_and_holds_at_every_shift[1e-08-0.01-10000.0-True],not_run,unobserved
tests/test_biotsinemoments.py::test_the_pole_seed_is_elementary_and_holds_at_every_shift[1e-08-0.01-1000000.0-False],not_run,unobserved
tests/test_biotsinemoments.py::test_the_pole_seed_is_elementary_and_holds_at_every_shift[1e-08-0.01-1000000.0-True],not_run,unobserved
tests/test_biotsinemoments.py::test_the_pole_seed_is_elementary_and_holds_at_every_shift[1e-08-0.01-1e-06-False],not_run,unobserved
tests/test_biotsinemoments.py::test_the_pole_seed_is_elementary_and_holds_at_every_shift[1e-08-0.01-1e-06-True],not_run,unobserved
tests/test_biotsinemoments.py::test_the_pole_seed_is_elementary_and_holds_at_every_shift[1e-08-0.01-30.0-False],not_run,unobserved
tests/test_biotsinemoments.py::test_the_pole_seed_is_elementary_and_holds_at_every_shift[1e-08-0.01-30.0-True],not_run,unobserved
tests/test_biotsinemoments.py::test_the_pole_seed_is_elementary_and_holds_at_every_shift[1e-08-0.5-0.0001-False],not_run,unobserved
tests/test_biotsinemoments.py::test_the_pole_seed_is_elementary_and_holds_at_every_shift[1e-08-0.5-0.0001-True],not_run,unobserved
tests/test_biotsinemoments.py::test_the_pole_seed_is_elementary_and_holds_at_every_shift[1e-08-0.5-0.01-False],not_run,unobserved
tests/test_biotsinemoments.py::test_the_pole_seed_is_elementary_and_holds_at_every_shift[1e-08-0.5-0.01-True],not_run,unobserved
tests/test_biotsinemoments.py::test_the_pole_seed_is_elementary_and_holds_at_every_shift[1e-08-0.5-0.25-False],not_run,unobserved
tests/test_biotsinemoments.py::test_the_pole_seed_is_elementary_and_holds_at_every_shift[1e-08-0.5-0.25-True],not_run,unobserved
tests/test_biotsinemoments.py::test_the_pole_seed_is_elementary_and_holds_at_every_shift[1e-08-0.5-1.0-False],not_run,unobserved
tests/test_biotsinemoments.py::test_the_pole_seed_is_elementary_and_holds_at_every_shift[1e-08-0.5-1.0-True],not_run,unobserved
tests/test_biotsinemoments.py::test_the_pole_seed_is_elementary_and_holds_at_every_shift[1e-08-0.5-10000.0-False],not_run,unobserved
tests/test_biotsinemoments.py::test_the_pole_seed_is_elementary_and_holds_at_every_shift[1e-08-0.5-10000.0-True],not_run,unobserved
tests/test_biotsinemoments.py::test_the_pole_seed_is_elementary_and_holds_at_every_shift[1e-08-0.5-1000000.0-False],not_run,unobserved
tests/test_biotsinemoments.py::test_the_pole_seed_is_elementary_and_holds_at_every_shift[1e-08-0.5-1000000.0-True],not_run,unobserved
tests/test_biotsinemoments.py::test_the_pole_seed_is_elementary_and_holds_at_every_shift[1e-08-0.5-1e-06-False],not_run,unobserved
tests/test_biotsinemoments.py::test_the_pole_seed_is_elementary_and_holds_at_every_shift[1e-08-0.5-1e-06-True],not_run,unobserved
tests/test_biotsinemoments.py::test_the_pole_seed_is_elementary_and_holds_at_every_shift[1e-08-0.5-30.0-False],not_run,unobserved
tests/test_biotsinemoments.py::test_the_pole_seed_is_elementary_and_holds_at_every_shift[1e-08-0.5-30.0-True],not_run,unobserved
tests/test_biotsinemoments.py::test_the_pole_seed_is_elementary_and_holds_at_every_shift[1e-08-1.2-0.0001-False],not_run,unobserved
tests/test_biotsinemoments.py::test_the_pole_seed_is_elementary_and_holds_at_every_shift[1e-08-1.2-0.0001-True],not_run,unobserved
tests/test_biotsinemoments.py::test_the_pole_seed_is_elementary_and_holds_at_every_shift[1e-08-1.2-0.01-False],not_run,unobserved
tests/test_biotsinemoments.py::test_the_pole_seed_is_elementary_and_holds_at_every_shift[1e-08-1.2-0.01-True],not_run,unobserved
tests/test_biotsinemoments.py::test_the_pole_seed_is_elementary_and_holds_at_every_shift[1e-08-1.2-0.25-False],not_run,unobserved
tests/test_biotsinemoments.py::test_the_pole_seed_is_elementary_and_holds_at_every_shift[1e-08-1.2-0.25-True],not_run,unobserved
tests/test_biotsinemoments.py::test_the_pole_seed_is_elementary_and_holds_at_every_shift[1e-08-1.2-1.0-False],not_run,unobserved
tests/test_biotsinemoments.py::test_the_pole_seed_is_elementary_and_holds_at_every_shift[1e-08-1.2-1.0-True],not_run,unobserved
tests/test_biotsinemoments.py::test_the_pole_seed_is_elementary_and_holds_at_every_shift[1e-08-1.2-10000.0-False],not_run,unobserved
tests/test_biotsinemoments.py::test_the_pole_seed_is_elementary_and_holds_at_every_shift[1e-08-1.2-10000.0-True],not_run,unobserved
tests/test_biotsinemoments.py::test_the_pole_seed_is_elementary_and_holds_at_every_shift[1e-08-1.2-1000000.0-False],not_run,unobserved
tests/test_biotsinemoments.py::test_the_pole_seed_is_elementary_and_holds_at_every_shift[1e-08-1.2-1000000.0-True],not_run,unobserved
tests/test_biotsinemoments.py::test_the_pole_seed_is_elementary_and_holds_at_every_shift[1e-08-1.2-1e-06-False],not_run,unobserved
tests/test_biotsinemoments.py::test_the_pole_seed_is_elementary_and_holds_at_every_shift[1e-08-1.2-1e-06-True],not_run,unobserved
tests/test_biotsinemoments.py::test_the_pole_seed_is_elementary_and_holds_at_every_shift[1e-08-1.2-30.0-False],not_run,unobserved
tests/test_biotsinemoments.py::test_the_pole_seed_is_elementary_and_holds_at_every_shift[1e-08-1.2-30.0-True],not_run,unobserved
tests/test_biotsinemoments.py::test_the_reference_rule_has_converged,not_run,unobserved
tests/test_biotsinemoments.py::test_the_root_fold_holds_on_this_family_too[0.01-0.05],not_run,unobserved
tests/test_biotsinemoments.py::test_the_root_fold_holds_on_this_family_too[0.01-0.4],not_run,unobserved
tests/test_biotsinemoments.py::test_the_root_fold_holds_on_this_family_too[0.01-1.0],not_run,unobserved
tests/test_biotsinemoments.py::test_the_root_fold_holds_on_this_family_too[0.9-0.05],not_run,unobserved
tests/test_biotsinemoments.py::test_the_root_fold_holds_on_this_family_too[0.9-0.4],not_run,unobserved
tests/test_biotsinemoments.py::test_the_root_fold_holds_on_this_family_too[0.9-1.0],not_run,unobserved
tests/test_biotsinemoments.py::test_the_root_fold_holds_on_this_family_too[1e-09-0.05],not_run,unobserved
tests/test_biotsinemoments.py::test_the_root_fold_holds_on_this_family_too[1e-09-0.4],not_run,unobserved
tests/test_biotsinemoments.py::test_the_root_fold_holds_on_this_family_too[1e-09-1.0],not_run,unobserved
tests/test_biotsinemoments.py::test_the_seed_branch_crossing_has_one_value_and_one_jacobian,not_run,unobserved
tests/test_biotsinemoments.py::test_the_seed_crosses_its_own_sign_change_without_noticing[0.3],not_run,unobserved
tests/test_biotsinemoments.py::test_the_seed_crosses_its_own_sign_change_without_noticing[1.0],not_run,unobserved
tests/test_biotsinemoments.py::test_the_sine_moments_reproduce_their_defining_integral[0.001-0.001],not_run,unobserved
tests/test_biotsinemoments.py::test_the_sine_moments_reproduce_their_defining_integral[0.001-0.01],not_run,unobserved
tests/test_biotsinemoments.py::test_the_sine_moments_reproduce_their_defining_integral[0.001-0.05],not_run,unobserved
tests/test_biotsinemoments.py::test_the_sine_moments_reproduce_their_defining_integral[0.001-0.0],not_run,unobserved
tests/test_biotsinemoments.py::test_the_sine_moments_reproduce_their_defining_integral[0.001-0.2],not_run,unobserved
tests/test_biotsinemoments.py::test_the_sine_moments_reproduce_their_defining_integral[0.001-0.4],not_run,unobserved
tests/test_biotsinemoments.py::test_the_sine_moments_reproduce_their_defining_integral[0.001-0.7],not_run,unobserved
tests/test_biotsinemoments.py::test_the_sine_moments_reproduce_their_defining_integral[0.001-1.0],not_run,unobserved
tests/test_biotsinemoments.py::test_the_sine_moments_reproduce_their_defining_integral[0.001-1.5],not_run,unobserved
tests/test_biotsinemoments.py::test_the_sine_moments_reproduce_their_defining_integral[0.003-0.001],not_run,unobserved
tests/test_biotsinemoments.py::test_the_sine_moments_reproduce_their_defining_integral[0.003-0.01],not_run,unobserved
tests/test_biotsinemoments.py::test_the_sine_moments_reproduce_their_defining_integral[0.003-0.05],not_run,unobserved
tests/test_biotsinemoments.py::test_the_sine_moments_reproduce_their_defining_integral[0.003-0.0],not_run,unobserved
tests/test_biotsinemoments.py::test_the_sine_moments_reproduce_their_defining_integral[0.003-0.2],not_run,unobserved
tests/test_biotsinemoments.py::test_the_sine_moments_reproduce_their_defining_integral[0.003-0.4],not_run,unobserved
tests/test_biotsinemoments.py::test_the_sine_moments_reproduce_their_defining_integral[0.003-0.7],not_run,unobserved
tests/test_biotsinemoments.py::test_the_sine_moments_reproduce_their_defining_integral[0.003-1.0],not_run,unobserved
tests/test_biotsinemoments.py::test_the_sine_moments_reproduce_their_defining_integral[0.003-1.5],not_run,unobserved
tests/test_biotsinemoments.py::test_the_sine_moments_reproduce_their_defining_integral[0.006-0.001],not_run,unobserved
tests/test_biotsinemoments.py::test_the_sine_moments_reproduce_their_defining_integral[0.006-0.01],not_run,unobserved
tests/test_biotsinemoments.py::test_the_sine_moments_reproduce_their_defining_integral[0.006-0.05],not_run,unobserved
tests/test_biotsinemoments.py::test_the_sine_moments_reproduce_their_defining_integral[0.006-0.0],not_run,unobserved
tests/test_biotsinemoments.py::test_the_sine_moments_reproduce_their_defining_integral[0.006-0.2],not_run,unobserved
tests/test_biotsinemoments.py::test_the_sine_moments_reproduce_their_defining_integral[0.006-0.4],not_run,unobserved
tests/test_biotsinemoments.py::test_the_sine_moments_reproduce_their_defining_integral[0.006-0.7],not_run,unobserved
tests/test_biotsinemoments.py::test_the_sine_moments_reproduce_their_defining_integral[0.006-1.0],not_run,unobserved
tests/test_biotsinemoments.py::test_the_sine_moments_reproduce_their_defining_integral[0.006-1.5],not_run,unobserved
tests/test_biotsinemoments.py::test_the_sine_moments_reproduce_their_defining_integral[0.01-0.001],not_run,unobserved
tests/test_biotsinemoments.py::test_the_sine_moments_reproduce_their_defining_integral[0.01-0.01],not_run,unobserved
tests/test_biotsinemoments.py::test_the_sine_moments_reproduce_their_defining_integral[0.01-0.05],not_run,unobserved
tests/test_biotsinemoments.py::test_the_sine_moments_reproduce_their_defining_integral[0.01-0.0],not_run,unobserved
tests/test_biotsinemoments.py::test_the_sine_moments_reproduce_their_defining_integral[0.01-0.2],not_run,unobserved
tests/test_biotsinemoments.py::test_the_sine_moments_reproduce_their_defining_integral[0.01-0.4],not_run,unobserved
tests/test_biotsinemoments.py::test_the_sine_moments_reproduce_their_defining_integral[0.01-0.7],not_run,unobserved
tests/test_biotsinemoments.py::test_the_sine_moments_reproduce_their_defining_integral[0.01-1.0],not_run,unobserved
tests/test_biotsinemoments.py::test_the_sine_moments_reproduce_their_defining_integral[0.01-1.5],not_run,unobserved
tests/test_biotsinemoments.py::test_the_sine_moments_reproduce_their_defining_integral[0.03-0.001],not_run,unobserved
tests/test_biotsinemoments.py::test_the_sine_moments_reproduce_their_defining_integral[0.03-0.01],not_run,unobserved
tests/test_biotsinemoments.py::test_the_sine_moments_reproduce_their_defining_integral[0.03-0.05],not_run,unobserved
tests/test_biotsinemoments.py::test_the_sine_moments_reproduce_their_defining_integral[0.03-0.0],not_run,unobserved
tests/test_biotsinemoments.py::test_the_sine_moments_reproduce_their_defining_integral[0.03-0.2],not_run,unobserved
tests/test_biotsinemoments.py::test_the_sine_moments_reproduce_their_defining_integral[0.03-0.4],not_run,unobserved
tests/test_biotsinemoments.py::test_the_sine_moments_reproduce_their_defining_integral[0.03-0.7],not_run,unobserved
tests/test_biotsinemoments.py::test_the_sine_moments_reproduce_their_defining_integral[0.03-1.0],not_run,unobserved
tests/test_biotsinemoments.py::test_the_sine_moments_reproduce_their_defining_integral[0.03-1.5],not_run,unobserved
tests/test_biotsinemoments.py::test_the_sine_moments_reproduce_their_defining_integral[0.1-0.001],not_run,unobserved
tests/test_biotsinemoments.py::test_the_sine_moments_reproduce_their_defining_integral[0.1-0.01],not_run,unobserved
tests/test_biotsinemoments.py::test_the_sine_moments_reproduce_their_defining_integral[0.1-0.05],not_run,unobserved
tests/test_biotsinemoments.py::test_the_sine_moments_reproduce_their_defining_integral[0.1-0.0],not_run,unobserved
tests/test_biotsinemoments.py::test_the_sine_moments_reproduce_their_defining_integral[0.1-0.2],not_run,unobserved
tests/test_biotsinemoments.py::test_the_sine_moments_reproduce_their_defining_integral[0.1-0.4],not_run,unobserved
tests/test_biotsinemoments.py::test_the_sine_moments_reproduce_their_defining_integral[0.1-0.7],not_run,unobserved
tests/test_biotsinemoments.py::test_the_sine_moments_reproduce_their_defining_integral[0.1-1.0],not_run,unobserved
tests/test_biotsinemoments.py::test_the_sine_moments_reproduce_their_defining_integral[0.1-1.5],not_run,unobserved
tests/test_biotsinemoments.py::test_the_sine_moments_reproduce_their_defining_integral[0.5-0.001],not_run,unobserved
tests/test_biotsinemoments.py::test_the_sine_moments_reproduce_their_defining_integral[0.5-0.01],not_run,unobserved
tests/test_biotsinemoments.py::test_the_sine_moments_reproduce_their_defining_integral[0.5-0.05],not_run,unobserved
tests/test_biotsinemoments.py::test_the_sine_moments_reproduce_their_defining_integral[0.5-0.0],not_run,unobserved
tests/test_biotsinemoments.py::test_the_sine_moments_reproduce_their_defining_integral[0.5-0.2],not_run,unobserved
tests/test_biotsinemoments.py::test_the_sine_moments_reproduce_their_defining_integral[0.5-0.4],not_run,unobserved
tests/test_biotsinemoments.py::test_the_sine_moments_reproduce_their_defining_integral[0.5-0.7],not_run,unobserved
tests/test_biotsinemoments.py::test_the_sine_moments_reproduce_their_defining_integral[0.5-1.0],not_run,unobserved
tests/test_biotsinemoments.py::test_the_sine_moments_reproduce_their_defining_integral[0.5-1.5],not_run,unobserved
tests/test_biotsinemoments.py::test_the_sine_moments_reproduce_their_defining_integral[0.9-0.001],not_run,unobserved
tests/test_biotsinemoments.py::test_the_sine_moments_reproduce_their_defining_integral[0.9-0.01],not_run,unobserved
tests/test_biotsinemoments.py::test_the_sine_moments_reproduce_their_defining_integral[0.9-0.05],not_run,unobserved
tests/test_biotsinemoments.py::test_the_sine_moments_reproduce_their_defining_integral[0.9-0.0],not_run,unobserved
tests/test_biotsinemoments.py::test_the_sine_moments_reproduce_their_defining_integral[0.9-0.2],not_run,unobserved
tests/test_biotsinemoments.py::test_the_sine_moments_reproduce_their_defining_integral[0.9-0.4],not_run,unobserved
tests/test_biotsinemoments.py::test_the_sine_moments_reproduce_their_defining_integral[0.9-0.7],not_run,unobserved
tests/test_biotsinemoments.py::test_the_sine_moments_reproduce_their_defining_integral[0.9-1.0],not_run,unobserved
tests/test_biotsinemoments.py::test_the_sine_moments_reproduce_their_defining_integral[0.9-1.5],not_run,unobserved
tests/test_biotsinemoments.py::test_the_sine_moments_reproduce_their_defining_integral[0.99-0.001],not_run,unobserved
tests/test_biotsinemoments.py::test_the_sine_moments_reproduce_their_defining_integral[0.99-0.01],not_run,unobserved
tests/test_biotsinemoments.py::test_the_sine_moments_reproduce_their_defining_integral[0.99-0.05],not_run,unobserved
tests/test_biotsinemoments.py::test_the_sine_moments_reproduce_their_defining_integral[0.99-0.0],not_run,unobserved
tests/test_biotsinemoments.py::test_the_sine_moments_reproduce_their_defining_integral[0.99-0.2],not_run,unobserved
tests/test_biotsinemoments.py::test_the_sine_moments_reproduce_their_defining_integral[0.99-0.4],not_run,unobserved
tests/test_biotsinemoments.py::test_the_sine_moments_reproduce_their_defining_integral[0.99-0.7],not_run,unobserved
tests/test_biotsinemoments.py::test_the_sine_moments_reproduce_their_defining_integral[0.99-1.0],not_run,unobserved
tests/test_biotsinemoments.py::test_the_sine_moments_reproduce_their_defining_integral[0.99-1.5],not_run,unobserved
tests/test_biotsinemoments.py::test_the_sine_moments_reproduce_their_defining_integral[1e-06-0.001],not_run,unobserved
tests/test_biotsinemoments.py::test_the_sine_moments_reproduce_their_defining_integral[1e-06-0.01],not_run,unobserved
tests/test_biotsinemoments.py::test_the_sine_moments_reproduce_their_defining_integral[1e-06-0.05],not_run,unobserved
tests/test_biotsinemoments.py::test_the_sine_moments_reproduce_their_defining_integral[1e-06-0.0],not_run,unobserved
tests/test_biotsinemoments.py::test_the_sine_moments_reproduce_their_defining_integral[1e-06-0.2],not_run,unobserved
tests/test_biotsinemoments.py::test_the_sine_moments_reproduce_their_defining_integral[1e-06-0.4],not_run,unobserved
tests/test_biotsinemoments.py::test_the_sine_moments_reproduce_their_defining_integral[1e-06-0.7],not_run,unobserved
tests/test_biotsinemoments.py::test_the_sine_moments_reproduce_their_defining_integral[1e-06-1.0],not_run,unobserved
tests/test_biotsinemoments.py::test_the_sine_moments_reproduce_their_defining_integral[1e-06-1.5],not_run,unobserved
tests/test_biotsinemoments.py::test_the_sine_moments_reproduce_their_defining_integral[1e-09-0.001],not_run,unobserved
tests/test_biotsinemoments.py::test_the_sine_moments_reproduce_their_defining_integral[1e-09-0.01],not_run,unobserved
tests/test_biotsinemoments.py::test_the_sine_moments_reproduce_their_defining_integral[1e-09-0.05],not_run,unobserved
tests/test_biotsinemoments.py::test_the_sine_moments_reproduce_their_defining_integral[1e-09-0.0],not_run,unobserved
tests/test_biotsinemoments.py::test_the_sine_moments_reproduce_their_defining_integral[1e-09-0.2],not_run,unobserved
tests/test_biotsinemoments.py::test_the_sine_moments_reproduce_their_defining_integral[1e-09-0.4],not_run,unobserved
tests/test_biotsinemoments.py::test_the_sine_moments_reproduce_their_defining_integral[1e-09-0.7],not_run,unobserved
tests/test_biotsinemoments.py::test_the_sine_moments_reproduce_their_defining_integral[1e-09-1.0],not_run,unobserved
tests/test_biotsinemoments.py::test_the_sine_moments_reproduce_their_defining_integral[1e-09-1.5],not_run,unobserved
tests/test_biotsinemoments.py::test_the_sine_moments_reproduce_their_defining_integral[1e-16-0.001],not_run,unobserved
tests/test_biotsinemoments.py::test_the_sine_moments_reproduce_their_defining_integral[1e-16-0.01],not_run,unobserved
tests/test_biotsinemoments.py::test_the_sine_moments_reproduce_their_defining_integral[1e-16-0.05],not_run,unobserved
tests/test_biotsinemoments.py::test_the_sine_moments_reproduce_their_defining_integral[1e-16-0.0],not_run,unobserved
tests/test_biotsinemoments.py::test_the_sine_moments_reproduce_their_defining_integral[1e-16-0.2],not_run,unobserved
tests/test_biotsinemoments.py::test_the_sine_moments_reproduce_their_defining_integral[1e-16-0.4],not_run,unobserved
tests/test_biotsinemoments.py::test_the_sine_moments_reproduce_their_defining_integral[1e-16-0.7],not_run,unobserved
tests/test_biotsinemoments.py::test_the_sine_moments_reproduce_their_defining_integral[1e-16-1.0],not_run,unobserved
tests/test_biotsinemoments.py::test_the_sine_moments_reproduce_their_defining_integral[1e-16-1.5],not_run,unobserved
tests/test_biotsinemoments.py::test_the_zeroth_moment_meets_its_closed_form_at_a_quarter_turn[0.001],not_run,unobserved
tests/test_biotsinemoments.py::test_the_zeroth_moment_meets_its_closed_form_at_a_quarter_turn[0.003],not_run,unobserved
tests/test_biotsinemoments.py::test_the_zeroth_moment_meets_its_closed_form_at_a_quarter_turn[0.006],not_run,unobserved
tests/test_biotsinemoments.py::test_the_zeroth_moment_meets_its_closed_form_at_a_quarter_turn[0.01],not_run,unobserved
tests/test_biotsinemoments.py::test_the_zeroth_moment_meets_its_closed_form_at_a_quarter_turn[0.03],not_run,unobserved
tests/test_biotsinemoments.py::test_the_zeroth_moment_meets_its_closed_form_at_a_quarter_turn[0.1],not_run,unobserved
tests/test_biotsinemoments.py::test_the_zeroth_moment_meets_its_closed_form_at_a_quarter_turn[0.5],not_run,unobserved
tests/test_biotsinemoments.py::test_the_zeroth_moment_meets_its_closed_form_at_a_quarter_turn[0.99],not_run,unobserved
tests/test_biotsinemoments.py::test_the_zeroth_moment_meets_its_closed_form_at_a_quarter_turn[0.9],not_run,unobserved
tests/test_biotsinemoments.py::test_the_zeroth_moment_meets_its_closed_form_at_a_quarter_turn[1e-06],not_run,unobserved
tests/test_biotsinemoments.py::test_the_zeroth_moment_meets_its_closed_form_at_a_quarter_turn[1e-09],not_run,unobserved
tests/test_biotsinemoments.py::test_the_zeroth_moment_meets_its_closed_form_at_a_quarter_turn[1e-16],not_run,unobserved
tests/test_biotsymmetricelliptic.py::test_both_kinds_reproduce_the_reference_implementation[0.001-0.04],not_run,unobserved
tests/test_biotsymmetricelliptic.py::test_both_kinds_reproduce_the_reference_implementation[0.001-0.0],not_run,unobserved
tests/test_biotsymmetricelliptic.py::test_both_kinds_reproduce_the_reference_implementation[0.001-0.5],not_run,unobserved
tests/test_biotsymmetricelliptic.py::test_both_kinds_reproduce_the_reference_implementation[0.001-1.0],not_run,unobserved
tests/test_biotsymmetricelliptic.py::test_both_kinds_reproduce_the_reference_implementation[0.001-1e-08],not_run,unobserved
tests/test_biotsymmetricelliptic.py::test_both_kinds_reproduce_the_reference_implementation[0.5-0.04],not_run,unobserved
tests/test_biotsymmetricelliptic.py::test_both_kinds_reproduce_the_reference_implementation[0.5-0.0],not_run,unobserved
tests/test_biotsymmetricelliptic.py::test_both_kinds_reproduce_the_reference_implementation[0.5-0.5],not_run,unobserved
tests/test_biotsymmetricelliptic.py::test_both_kinds_reproduce_the_reference_implementation[0.5-1.0],not_run,unobserved
tests/test_biotsymmetricelliptic.py::test_both_kinds_reproduce_the_reference_implementation[0.5-1e-08],not_run,unobserved
tests/test_biotsymmetricelliptic.py::test_both_kinds_reproduce_the_reference_implementation[1.0-0.04],not_run,unobserved
tests/test_biotsymmetricelliptic.py::test_both_kinds_reproduce_the_reference_implementation[1.0-0.0],not_run,unobserved
tests/test_biotsymmetricelliptic.py::test_both_kinds_reproduce_the_reference_implementation[1.0-0.5],not_run,unobserved
tests/test_biotsymmetricelliptic.py::test_both_kinds_reproduce_the_reference_implementation[1.0-1.0],not_run,unobserved
tests/test_biotsymmetricelliptic.py::test_both_kinds_reproduce_the_reference_implementation[1.0-1e-08],not_run,unobserved
tests/test_biotsymmetricelliptic.py::test_both_kinds_reproduce_the_reference_implementation[1e-08-0.04],not_run,unobserved
tests/test_biotsymmetricelliptic.py::test_both_kinds_reproduce_the_reference_implementation[1e-08-0.0],not_run,unobserved
tests/test_biotsymmetricelliptic.py::test_both_kinds_reproduce_the_reference_implementation[1e-08-0.5],not_run,unobserved
tests/test_biotsymmetricelliptic.py::test_both_kinds_reproduce_the_reference_implementation[1e-08-1.0],not_run,unobserved
tests/test_biotsymmetricelliptic.py::test_both_kinds_reproduce_the_reference_implementation[1e-08-1e-08],not_run,unobserved
tests/test_biotsymmetricelliptic.py::test_both_kinds_reproduce_the_reference_implementation[1e-100-0.04],not_run,unobserved
tests/test_biotsymmetricelliptic.py::test_both_kinds_reproduce_the_reference_implementation[1e-100-0.0],not_run,unobserved
tests/test_biotsymmetricelliptic.py::test_both_kinds_reproduce_the_reference_implementation[1e-100-0.5],not_run,unobserved
tests/test_biotsymmetricelliptic.py::test_both_kinds_reproduce_the_reference_implementation[1e-100-1.0],not_run,unobserved
tests/test_biotsymmetricelliptic.py::test_both_kinds_reproduce_the_reference_implementation[1e-100-1e-08],not_run,unobserved
tests/test_biotsymmetricelliptic.py::test_both_kinds_reproduce_the_reference_implementation[1e-16-0.04],not_run,unobserved
tests/test_biotsymmetricelliptic.py::test_both_kinds_reproduce_the_reference_implementation[1e-16-0.0],not_run,unobserved
tests/test_biotsymmetricelliptic.py::test_both_kinds_reproduce_the_reference_implementation[1e-16-0.5],not_run,unobserved
tests/test_biotsymmetricelliptic.py::test_both_kinds_reproduce_the_reference_implementation[1e-16-1.0],not_run,unobserved
tests/test_biotsymmetricelliptic.py::test_both_kinds_reproduce_the_reference_implementation[1e-16-1e-08],not_run,unobserved
tests/test_biotsymmetricelliptic.py::test_both_kinds_reproduce_the_reference_implementation[1e-300-0.04],not_run,unobserved
tests/test_biotsymmetricelliptic.py::test_both_kinds_reproduce_the_reference_implementation[1e-300-0.0],not_run,unobserved
tests/test_biotsymmetricelliptic.py::test_both_kinds_reproduce_the_reference_implementation[1e-300-0.5],not_run,unobserved
tests/test_biotsymmetricelliptic.py::test_both_kinds_reproduce_the_reference_implementation[1e-300-1.0],not_run,unobserved
tests/test_biotsymmetricelliptic.py::test_both_kinds_reproduce_the_reference_implementation[1e-300-1e-08],not_run,unobserved
tests/test_biotsymmetricelliptic.py::test_both_kinds_reproduce_the_reference_implementation[1e-40-0.04],not_run,unobserved
tests/test_biotsymmetricelliptic.py::test_both_kinds_reproduce_the_reference_implementation[1e-40-0.0],not_run,unobserved
tests/test_biotsymmetricelliptic.py::test_both_kinds_reproduce_the_reference_implementation[1e-40-0.5],not_run,unobserved
tests/test_biotsymmetricelliptic.py::test_both_kinds_reproduce_the_reference_implementation[1e-40-1.0],not_run,unobserved
tests/test_biotsymmetricelliptic.py::test_both_kinds_reproduce_the_reference_implementation[1e-40-1e-08],not_run,unobserved
tests/test_biotsymmetricelliptic.py::test_the_carried_gaps_reproduce_the_reference_implementation[0.001-0.04],not_run,unobserved
tests/test_biotsymmetricelliptic.py::test_the_carried_gaps_reproduce_the_reference_implementation[0.001-0.0],not_run,unobserved
tests/test_biotsymmetricelliptic.py::test_the_carried_gaps_reproduce_the_reference_implementation[0.001-0.5],not_run,unobserved
tests/test_biotsymmetricelliptic.py::test_the_carried_gaps_reproduce_the_reference_implementation[0.001-1.0],not_run,unobserved
tests/test_biotsymmetricelliptic.py::test_the_carried_gaps_reproduce_the_reference_implementation[0.001-1e-08],not_run,unobserved
tests/test_biotsymmetricelliptic.py::test_the_carried_gaps_reproduce_the_reference_implementation[0.5-0.04],not_run,unobserved
tests/test_biotsymmetricelliptic.py::test_the_carried_gaps_reproduce_the_reference_implementation[0.5-0.0],not_run,unobserved
tests/test_biotsymmetricelliptic.py::test_the_carried_gaps_reproduce_the_reference_implementation[0.5-0.5],not_run,unobserved
tests/test_biotsymmetricelliptic.py::test_the_carried_gaps_reproduce_the_reference_implementation[0.5-1.0],not_run,unobserved
tests/test_biotsymmetricelliptic.py::test_the_carried_gaps_reproduce_the_reference_implementation[0.5-1e-08],not_run,unobserved
tests/test_biotsymmetricelliptic.py::test_the_carried_gaps_reproduce_the_reference_implementation[1.0-0.04],not_run,unobserved
tests/test_biotsymmetricelliptic.py::test_the_carried_gaps_reproduce_the_reference_implementation[1.0-0.0],not_run,unobserved
tests/test_biotsymmetricelliptic.py::test_the_carried_gaps_reproduce_the_reference_implementation[1.0-0.5],not_run,unobserved
tests/test_biotsymmetricelliptic.py::test_the_carried_gaps_reproduce_the_reference_implementation[1.0-1.0],not_run,unobserved
tests/test_biotsymmetricelliptic.py::test_the_carried_gaps_reproduce_the_reference_implementation[1.0-1e-08],not_run,unobserved
tests/test_biotsymmetricelliptic.py::test_the_carried_gaps_reproduce_the_reference_implementation[1e-08-0.04],not_run,unobserved
tests/test_biotsymmetricelliptic.py::test_the_carried_gaps_reproduce_the_reference_implementation[1e-08-0.0],not_run,unobserved
tests/test_biotsymmetricelliptic.py::test_the_carried_gaps_reproduce_the_reference_implementation[1e-08-0.5],not_run,unobserved
tests/test_biotsymmetricelliptic.py::test_the_carried_gaps_reproduce_the_reference_implementation[1e-08-1.0],not_run,unobserved
tests/test_biotsymmetricelliptic.py::test_the_carried_gaps_reproduce_the_reference_implementation[1e-08-1e-08],not_run,unobserved
tests/test_biotsymmetricelliptic.py::test_the_carried_gaps_reproduce_the_reference_implementation[1e-100-0.04],not_run,unobserved
tests/test_biotsymmetricelliptic.py::test_the_carried_gaps_reproduce_the_reference_implementation[1e-100-0.0],not_run,unobserved
tests/test_biotsymmetricelliptic.py::test_the_carried_gaps_reproduce_the_reference_implementation[1e-100-0.5],not_run,unobserved
tests/test_biotsymmetricelliptic.py::test_the_carried_gaps_reproduce_the_reference_implementation[1e-100-1.0],not_run,unobserved
tests/test_biotsymmetricelliptic.py::test_the_carried_gaps_reproduce_the_reference_implementation[1e-100-1e-08],not_run,unobserved
tests/test_biotsymmetricelliptic.py::test_the_carried_gaps_reproduce_the_reference_implementation[1e-16-0.04],not_run,unobserved
tests/test_biotsymmetricelliptic.py::test_the_carried_gaps_reproduce_the_reference_implementation[1e-16-0.0],not_run,unobserved
tests/test_biotsymmetricelliptic.py::test_the_carried_gaps_reproduce_the_reference_implementation[1e-16-0.5],not_run,unobserved
tests/test_biotsymmetricelliptic.py::test_the_carried_gaps_reproduce_the_reference_implementation[1e-16-1.0],not_run,unobserved
tests/test_biotsymmetricelliptic.py::test_the_carried_gaps_reproduce_the_reference_implementation[1e-16-1e-08],not_run,unobserved
tests/test_biotsymmetricelliptic.py::test_the_carried_gaps_reproduce_the_reference_implementation[1e-300-0.04],not_run,unobserved
tests/test_biotsymmetricelliptic.py::test_the_carried_gaps_reproduce_the_reference_implementation[1e-300-0.0],not_run,unobserved
tests/test_biotsymmetricelliptic.py::test_the_carried_gaps_reproduce_the_reference_implementation[1e-300-0.5],not_run,unobserved
tests/test_biotsymmetricelliptic.py::test_the_carried_gaps_reproduce_the_reference_implementation[1e-300-1.0],not_run,unobserved
tests/test_biotsymmetricelliptic.py::test_the_carried_gaps_reproduce_the_reference_implementation[1e-300-1e-08],not_run,unobserved
tests/test_biotsymmetricelliptic.py::test_the_carried_gaps_reproduce_the_reference_implementation[1e-40-0.04],not_run,unobserved
tests/test_biotsymmetricelliptic.py::test_the_carried_gaps_reproduce_the_reference_implementation[1e-40-0.0],not_run,unobserved
tests/test_biotsymmetricelliptic.py::test_the_carried_gaps_reproduce_the_reference_implementation[1e-40-0.5],not_run,unobserved
tests/test_biotsymmetricelliptic.py::test_the_carried_gaps_reproduce_the_reference_implementation[1e-40-1.0],not_run,unobserved
tests/test_biotsymmetricelliptic.py::test_the_carried_gaps_reproduce_the_reference_implementation[1e-40-1e-08],not_run,unobserved
tests/test_biotsymmetricelliptic.py::test_the_carried_scale_is_the_value_it_would_have_been_multiplied_by,not_run,unobserved
tests/test_biotsymmetricelliptic.py::test_the_carried_scale_is_what_keeps_the_near_pole_in_range,not_run,unobserved
tests/test_biotsymmetricelliptic.py::test_the_degenerate_form_taken_as_a_ratio_is_what_this_repairs,not_run,unobserved
tests/test_biotsymmetricelliptic.py::test_the_equal_argument_values_are_exact,not_run,unobserved
tests/test_biotsymmetricelliptic.py::test_the_gaps_quarter_exactly_where_the_subtraction_loses_them,not_run,unobserved
tests/test_biotsymmetricelliptic.py::test_the_pole_free_first_kind_reproduces_the_reference[0.001-0.04],not_run,unobserved
tests/test_biotsymmetricelliptic.py::test_the_pole_free_first_kind_reproduces_the_reference[0.001-0.0],not_run,unobserved
tests/test_biotsymmetricelliptic.py::test_the_pole_free_first_kind_reproduces_the_reference[0.001-0.5],not_run,unobserved
tests/test_biotsymmetricelliptic.py::test_the_pole_free_first_kind_reproduces_the_reference[0.001-1.0],not_run,unobserved
tests/test_biotsymmetricelliptic.py::test_the_pole_free_first_kind_reproduces_the_reference[0.001-1e-08],not_run,unobserved
tests/test_biotsymmetricelliptic.py::test_the_pole_free_first_kind_reproduces_the_reference[0.5-0.04],not_run,unobserved
tests/test_biotsymmetricelliptic.py::test_the_pole_free_first_kind_reproduces_the_reference[0.5-0.0],not_run,unobserved
tests/test_biotsymmetricelliptic.py::test_the_pole_free_first_kind_reproduces_the_reference[0.5-0.5],not_run,unobserved
tests/test_biotsymmetricelliptic.py::test_the_pole_free_first_kind_reproduces_the_reference[0.5-1.0],not_run,unobserved
tests/test_biotsymmetricelliptic.py::test_the_pole_free_first_kind_reproduces_the_reference[0.5-1e-08],not_run,unobserved
tests/test_biotsymmetricelliptic.py::test_the_pole_free_first_kind_reproduces_the_reference[1.0-0.04],not_run,unobserved
tests/test_biotsymmetricelliptic.py::test_the_pole_free_first_kind_reproduces_the_reference[1.0-0.0],not_run,unobserved
tests/test_biotsymmetricelliptic.py::test_the_pole_free_first_kind_reproduces_the_reference[1.0-0.5],not_run,unobserved
tests/test_biotsymmetricelliptic.py::test_the_pole_free_first_kind_reproduces_the_reference[1.0-1.0],not_run,unobserved
tests/test_biotsymmetricelliptic.py::test_the_pole_free_first_kind_reproduces_the_reference[1.0-1e-08],not_run,unobserved
tests/test_biotsymmetricelliptic.py::test_the_pole_free_first_kind_reproduces_the_reference[1e-08-0.04],not_run,unobserved
tests/test_biotsymmetricelliptic.py::test_the_pole_free_first_kind_reproduces_the_reference[1e-08-0.0],not_run,unobserved
tests/test_biotsymmetricelliptic.py::test_the_pole_free_first_kind_reproduces_the_reference[1e-08-0.5],not_run,unobserved
tests/test_biotsymmetricelliptic.py::test_the_pole_free_first_kind_reproduces_the_reference[1e-08-1.0],not_run,unobserved
tests/test_biotsymmetricelliptic.py::test_the_pole_free_first_kind_reproduces_the_reference[1e-08-1e-08],not_run,unobserved
tests/test_biotsymmetricelliptic.py::test_the_pole_free_first_kind_reproduces_the_reference[1e-100-0.04],not_run,unobserved
tests/test_biotsymmetricelliptic.py::test_the_pole_free_first_kind_reproduces_the_reference[1e-100-0.0],not_run,unobserved
tests/test_biotsymmetricelliptic.py::test_the_pole_free_first_kind_reproduces_the_reference[1e-100-0.5],not_run,unobserved
tests/test_biotsymmetricelliptic.py::test_the_pole_free_first_kind_reproduces_the_reference[1e-100-1.0],not_run,unobserved
tests/test_biotsymmetricelliptic.py::test_the_pole_free_first_kind_reproduces_the_reference[1e-100-1e-08],not_run,unobserved
tests/test_biotsymmetricelliptic.py::test_the_pole_free_first_kind_reproduces_the_reference[1e-16-0.04],not_run,unobserved
tests/test_biotsymmetricelliptic.py::test_the_pole_free_first_kind_reproduces_the_reference[1e-16-0.0],not_run,unobserved
tests/test_biotsymmetricelliptic.py::test_the_pole_free_first_kind_reproduces_the_reference[1e-16-0.5],not_run,unobserved
tests/test_biotsymmetricelliptic.py::test_the_pole_free_first_kind_reproduces_the_reference[1e-16-1.0],not_run,unobserved
tests/test_biotsymmetricelliptic.py::test_the_pole_free_first_kind_reproduces_the_reference[1e-16-1e-08],not_run,unobserved
tests/test_biotsymmetricelliptic.py::test_the_pole_free_first_kind_reproduces_the_reference[1e-300-0.04],not_run,unobserved
tests/test_biotsymmetricelliptic.py::test_the_pole_free_first_kind_reproduces_the_reference[1e-300-0.0],not_run,unobserved
tests/test_biotsymmetricelliptic.py::test_the_pole_free_first_kind_reproduces_the_reference[1e-300-0.5],not_run,unobserved
tests/test_biotsymmetricelliptic.py::test_the_pole_free_first_kind_reproduces_the_reference[1e-300-1.0],not_run,unobserved
tests/test_biotsymmetricelliptic.py::test_the_pole_free_first_kind_reproduces_the_reference[1e-300-1e-08],not_run,unobserved
tests/test_biotsymmetricelliptic.py::test_the_pole_free_first_kind_reproduces_the_reference[1e-40-0.04],not_run,unobserved
tests/test_biotsymmetricelliptic.py::test_the_pole_free_first_kind_reproduces_the_reference[1e-40-0.0],not_run,unobserved
tests/test_biotsymmetricelliptic.py::test_the_pole_free_first_kind_reproduces_the_reference[1e-40-0.5],not_run,unobserved
tests/test_biotsymmetricelliptic.py::test_the_pole_free_first_kind_reproduces_the_reference[1e-40-1.0],not_run,unobserved
tests/test_biotsymmetricelliptic.py::test_the_pole_free_first_kind_reproduces_the_reference[1e-40-1e-08],not_run,unobserved
tests/test_biotsymmetricelliptic.py::test_the_pole_free_first_kind_traces_and_broadcasts_with_the_same_values,not_run,unobserved
tests/test_biotsymmetricelliptic.py::test_the_third_kind_holds_where_the_reference_implementation_gives_up,not_run,unobserved
tests/test_biotsymmetricelliptic.py::test_the_traced_path_is_the_same_code_and_agrees_to_a_few_ulp,not_run,unobserved
tests/test_biotsymmetricelliptic.py::test_the_trip_count_is_bounded_by_the_argument_range_in_both_directions,not_run,unobserved
tests/test_biotsymmetricelliptic.py::test_the_two_roots_differ_by_the_product_of_the_gaps_exactly,not_run,unobserved
tests/test_biottargetmoments.py::test_flux_target_contracts_three_current_moment_vectors_on_assembled_mesh,not_run,unobserved
tests/test_biottargetmoments.py::test_flux_target_pytree_round_trips_moment_blocks,not_run,unobserved
tests/test_biottargetmoments.py::test_limiter_target_uses_keyword_fields_without_changing_values,not_run,unobserved
tests/test_biottargetmoments.py::test_zero_current_moments_preserve_uniform_contraction_bitwise,not_run,unobserved
tests/test_biottiledassembly.py::test_a_hundredfold_larger_problem_costs_more_tiles_not_more_memory,not_run,unobserved
tests/test_biottiledassembly.py::test_a_streamed_build_matches_the_untiled_operator,not_run,unobserved
tests/test_biottiledassembly.py::test_a_tile_reproduces_the_untiled_kernel,not_run,unobserved
tests/test_biottiledassembly.py::test_every_kernel_call_in_a_tile_has_the_same_shape,not_run,unobserved
tests/test_biottiledassembly.py::test_padding_sections_to_a_common_edge_count_changes_nothing,not_run,unobserved
tests/test_biottiledassembly.py::test_the_store_is_chunked_to_the_tile,not_run,unobserved
tests/test_biottiledassembly.py::test_the_tile_plan_respects_its_byte_budget[1048576],not_run,unobserved
tests/test_biottiledassembly.py::test_the_tile_plan_respects_its_byte_budget[67108864],not_run,unobserved
tests/test_biottiledassembly.py::test_the_tile_plan_respects_its_byte_budget[8388608],not_run,unobserved
tests/test_biottiledassembly.py::test_the_tiles_of_a_plan_cover_the_matrix_exactly_once,not_run,unobserved
tests/test_biottoroidalaverage.py::test_axisymmetric_average_matches_the_native_operator,not_run,unobserved
tests/test_biottoroidalaverage.py::test_tilted_source_average_matches_dense_toroidal_sampling,not_run,unobserved
tests/test_biottoroidalharmonic.py::test_basis_accepts_the_physical_boundary_and_rejects_the_adjacent_exterior[inner],not_run,unobserved
tests/test_biottoroidalharmonic.py::test_basis_accepts_the_physical_boundary_and_rejects_the_adjacent_exterior[outer],not_run,unobserved
tests/test_biottoroidalharmonic.py::test_basis_rejects_an_unknown_family_and_a_negative_order,not_run,unobserved
tests/test_biottoroidalharmonic.py::test_columns_solve_the_homogeneous_operator[inner],not_run,unobserved
tests/test_biottoroidalharmonic.py::test_columns_solve_the_homogeneous_operator[outer],not_run,unobserved
tests/test_biottoroidalharmonic.py::test_convergent_points_split_at_the_source_focal_circle,not_run,unobserved
tests/test_biottoroidalharmonic.py::test_equilibration_recovers_the_conditioning_the_units_destroy,not_run,unobserved
tests/test_biottoroidalharmonic.py::test_field_columns_are_the_flux_gradient,not_run,unobserved
tests/test_biottoroidalharmonic.py::test_field_columns_are_the_flux_gradient_at_small_focal_distance,not_run,unobserved
tests/test_biottoroidalharmonic.py::test_filament_expansion_needs_a_single_sided_basis,not_run,unobserved
tests/test_biottoroidalharmonic.py::test_filament_expansion_reproduces_the_ring_kernel[source0-inner-0.5],not_run,unobserved
tests/test_biottoroidalharmonic.py::test_filament_expansion_reproduces_the_ring_kernel[source0-outer-1.7],not_run,unobserved
tests/test_biottoroidalharmonic.py::test_filament_expansion_reproduces_the_ring_kernel[source1-inner-0.5],not_run,unobserved
tests/test_biottoroidalharmonic.py::test_filament_expansion_reproduces_the_ring_kernel[source1-outer-1.7],not_run,unobserved
tests/test_biottoroidalharmonic.py::test_filament_expansion_reproduces_the_ring_kernel[source2-inner-0.5],not_run,unobserved
tests/test_biottoroidalharmonic.py::test_filament_expansion_reproduces_the_ring_kernel[source2-outer-1.7],not_run,unobserved
tests/test_biottoroidalharmonic.py::test_focal_coordinates_invert_the_forward_map,not_run,unobserved
tests/test_biottoroidalharmonic.py::test_focal_frame_survives_a_point_on_the_focal_circle,not_run,unobserved
tests/test_biottoroidalharmonic.py::test_focal_gap_is_the_focal_distance_product,not_run,unobserved
tests/test_biottoroidalharmonic.py::test_focal_jacobian_matches_finite_differences_and_is_conformal,not_run,unobserved
tests/test_biottoroidalharmonic.py::test_focal_placement_converges_from_a_coarse_seed[source0],not_run,unobserved
tests/test_biottoroidalharmonic.py::test_focal_placement_converges_from_a_coarse_seed[source1],not_run,unobserved
tests/test_biottoroidalharmonic.py::test_focal_placement_converges_from_a_coarse_seed[source2],not_run,unobserved
tests/test_biottoroidalharmonic.py::test_focal_position_broadcasts_distance_and_angle,not_run,unobserved
tests/test_biottoroidalharmonic.py::test_focal_position_matches_hundred_decimal_references_through_large_distance,not_run,unobserved
tests/test_biottoroidalharmonic.py::test_focal_position_promotes_float32_inputs_to_the_coordinate_dtype,not_run,unobserved
tests/test_biottoroidalharmonic.py::test_focal_position_rejects_the_path_dependent_point_at_infinity,not_run,unobserved
tests/test_biottoroidalharmonic.py::test_focal_position_reports_only_unrepresentable_coordinate_overflow[0.0-5e-324],not_run,unobserved
tests/test_biottoroidalharmonic.py::test_focal_position_reports_only_unrepresentable_coordinate_overflow[5e-324-0.0],not_run,unobserved
tests/test_biottoroidalharmonic.py::test_focal_position_retains_coordinates_whose_squared_gap_underflows,not_run,unobserved
tests/test_biottoroidalharmonic.py::test_focal_position_retains_signed_tiny_coordinate_axes[-1e-300-0.0--2.6e+300--0.2],not_run,unobserved
tests/test_biottoroidalharmonic.py::test_focal_position_retains_signed_tiny_coordinate_axes[0.0--1e-300-0.0--2.6e+300],not_run,unobserved
tests/test_biottoroidalharmonic.py::test_focal_position_retains_signed_tiny_coordinate_axes[0.0-1e-300-0.0-2.6e+300],not_run,unobserved
tests/test_biottoroidalharmonic.py::test_focal_position_retains_signed_tiny_coordinate_axes[1e-300-0.0-2.6e+300--0.2],not_run,unobserved
tests/test_biottoroidalharmonic.py::test_focal_position_retains_signed_tiny_coordinate_axes[1e-300-1e-300-1.3e+300-1.3e+300],not_run,unobserved
tests/test_biottoroidalharmonic.py::test_focal_position_retains_tiny_distance_and_angle_denominators,not_run,unobserved
tests/test_biottoroidalharmonic.py::test_forward_second_kind_climb_is_destroyed_by_the_dominant_solution,not_run,unobserved
tests/test_biottoroidalharmonic.py::test_frame_keeps_the_axis_boundary_while_basis_evaluation_rejects_it,not_run,unobserved
tests/test_biottoroidalharmonic.py::test_held_out_selection_prefers_a_degree_the_probes_resolve,not_run,unobserved
tests/test_biottoroidalharmonic.py::test_iterated_placement_beats_a_fixed_one_at_the_sensor_floor,not_run,unobserved
tests/test_biottoroidalharmonic.py::test_labels_track_the_column_count_and_family_order,not_run,unobserved
tests/test_biottoroidalharmonic.py::test_ladder_derivatives_match_finite_differences[False],not_run,unobserved
tests/test_biottoroidalharmonic.py::test_ladder_derivatives_match_finite_differences[True],not_run,unobserved
tests/test_biottoroidalharmonic.py::test_large_argument_ladders_match_hundred_decimal_values[ring_legendre_first-reference0-gradient_reference0],not_run,unobserved
tests/test_biottoroidalharmonic.py::test_large_argument_ladders_match_hundred_decimal_values[ring_legendre_second-reference1-gradient_reference1],not_run,unobserved
tests/test_biottoroidalharmonic.py::test_locate_source_distinguishes_boundary_roundoff_from_interior[1e-08-inner],not_run,unobserved
tests/test_biottoroidalharmonic.py::test_locate_source_distinguishes_boundary_roundoff_from_interior[1e-08-outer],not_run,unobserved
tests/test_biottoroidalharmonic.py::test_locate_source_distinguishes_boundary_roundoff_from_interior[1e-12-inner],not_run,unobserved
tests/test_biottoroidalharmonic.py::test_locate_source_distinguishes_boundary_roundoff_from_interior[1e-12-outer],not_run,unobserved
tests/test_biottoroidalharmonic.py::test_locate_source_distinguishes_boundary_roundoff_from_interior[2.220446049250313e-16-inner],not_run,unobserved
tests/test_biottoroidalharmonic.py::test_locate_source_distinguishes_boundary_roundoff_from_interior[2.220446049250313e-16-outer],not_run,unobserved
tests/test_biottoroidalharmonic.py::test_locate_source_inverts_the_filament_expansion[source0-inner],not_run,unobserved
tests/test_biottoroidalharmonic.py::test_locate_source_inverts_the_filament_expansion[source0-outer],not_run,unobserved
tests/test_biottoroidalharmonic.py::test_locate_source_inverts_the_filament_expansion[source1-inner],not_run,unobserved
tests/test_biottoroidalharmonic.py::test_locate_source_inverts_the_filament_expansion[source1-outer],not_run,unobserved
tests/test_biottoroidalharmonic.py::test_locate_source_inverts_the_filament_expansion[source2-inner],not_run,unobserved
tests/test_biottoroidalharmonic.py::test_locate_source_inverts_the_filament_expansion[source2-outer],not_run,unobserved
tests/test_biottoroidalharmonic.py::test_locate_source_inverts_the_filament_expansion[source3-inner],not_run,unobserved
tests/test_biottoroidalharmonic.py::test_locate_source_inverts_the_filament_expansion[source3-outer],not_run,unobserved
tests/test_biottoroidalharmonic.py::test_locate_source_recovers_both_radial_families[focus0-source0-10-123.0-inner],not_run,unobserved
tests/test_biottoroidalharmonic.py::test_locate_source_recovers_both_radial_families[focus0-source0-10-123.0-outer],not_run,unobserved
tests/test_biottoroidalharmonic.py::test_locate_source_recovers_both_radial_families[focus1-source1-3--37.0-inner],not_run,unobserved
tests/test_biottoroidalharmonic.py::test_locate_source_recovers_both_radial_families[focus1-source1-3--37.0-outer],not_run,unobserved
tests/test_biottoroidalharmonic.py::test_locate_source_recovers_both_radial_families[focus2-source2-6-420000.0-inner],not_run,unobserved
tests/test_biottoroidalharmonic.py::test_locate_source_recovers_both_radial_families[focus2-source2-6-420000.0-outer],not_run,unobserved
tests/test_biottoroidalharmonic.py::test_locate_source_retains_an_exactly_boundary_supported_distance[3-123.0--1.1-inner],not_run,unobserved
tests/test_biottoroidalharmonic.py::test_locate_source_retains_an_exactly_boundary_supported_distance[3-123.0--1.1-outer],not_run,unobserved
tests/test_biottoroidalharmonic.py::test_locate_source_retains_an_exactly_boundary_supported_distance[3-123.0-0.0-inner],not_run,unobserved
tests/test_biottoroidalharmonic.py::test_locate_source_retains_an_exactly_boundary_supported_distance[3-123.0-0.0-outer],not_run,unobserved
tests/test_biottoroidalharmonic.py::test_locate_source_retains_an_exactly_boundary_supported_distance[3-123.0-0.7-inner],not_run,unobserved
tests/test_biottoroidalharmonic.py::test_locate_source_retains_an_exactly_boundary_supported_distance[3-123.0-0.7-outer],not_run,unobserved
tests/test_biottoroidalharmonic.py::test_locate_source_retains_an_exactly_boundary_supported_distance[6--37.0--1.1-inner],not_run,unobserved
tests/test_biottoroidalharmonic.py::test_locate_source_retains_an_exactly_boundary_supported_distance[6--37.0--1.1-outer],not_run,unobserved
tests/test_biottoroidalharmonic.py::test_locate_source_retains_an_exactly_boundary_supported_distance[6--37.0-0.0-inner],not_run,unobserved
tests/test_biottoroidalharmonic.py::test_locate_source_retains_an_exactly_boundary_supported_distance[6--37.0-0.0-outer],not_run,unobserved
tests/test_biottoroidalharmonic.py::test_locate_source_retains_an_exactly_boundary_supported_distance[6--37.0-0.7-inner],not_run,unobserved
tests/test_biottoroidalharmonic.py::test_locate_source_retains_an_exactly_boundary_supported_distance[6--37.0-0.7-outer],not_run,unobserved
tests/test_biottoroidalharmonic.py::test_order_zero_ladders_keep_the_reflected_adjacent_value[ring_legendre_first],not_run,unobserved
tests/test_biottoroidalharmonic.py::test_order_zero_ladders_keep_the_reflected_adjacent_value[ring_legendre_second],not_run,unobserved
tests/test_biottoroidalharmonic.py::test_probe_array_position_error_at_the_measured_sensor_floor,not_run,unobserved
tests/test_biottoroidalharmonic.py::test_probe_array_recovers_a_filament_without_noise,not_run,unobserved
tests/test_biottoroidalharmonic.py::test_probe_array_recovers_filament_flux_where_no_probe_looked,not_run,unobserved
tests/test_biottoroidalharmonic.py::test_projection_is_the_axis_weighted_field,not_run,unobserved
tests/test_biottoroidalharmonic.py::test_radial_boundary_survives_the_physical_coordinate_round_trip,not_run,unobserved
tests/test_biottoroidalharmonic.py::test_radial_domain_boundary_matches_a_hundred_decimal_arbiter[ring_legendre_first-reference0],not_run,unobserved
tests/test_biottoroidalharmonic.py::test_radial_domain_boundary_matches_a_hundred_decimal_arbiter[ring_legendre_second-reference1],not_run,unobserved
tests/test_biottoroidalharmonic.py::test_radial_ladders_reject_just_below_the_public_boundary[ring_legendre_first],not_run,unobserved
tests/test_biottoroidalharmonic.py::test_radial_ladders_reject_just_below_the_public_boundary[ring_legendre_second],not_run,unobserved
tests/test_biottoroidalharmonic.py::test_radial_ladders_reject_the_axis_boundary_and_nonfinite_arguments[1.0-ring_legendre_first],not_run,unobserved
tests/test_biottoroidalharmonic.py::test_radial_ladders_reject_the_axis_boundary_and_nonfinite_arguments[1.0-ring_legendre_second],not_run,unobserved
tests/test_biottoroidalharmonic.py::test_radial_ladders_reject_the_axis_boundary_and_nonfinite_arguments[inf-ring_legendre_first],not_run,unobserved
tests/test_biottoroidalharmonic.py::test_radial_ladders_reject_the_axis_boundary_and_nonfinite_arguments[inf-ring_legendre_second],not_run,unobserved
tests/test_biottoroidalharmonic.py::test_radial_ladders_reject_the_axis_boundary_and_nonfinite_arguments[nan-ring_legendre_first],not_run,unobserved
tests/test_biottoroidalharmonic.py::test_radial_ladders_reject_the_axis_boundary_and_nonfinite_arguments[nan-ring_legendre_second],not_run,unobserved
tests/test_biottoroidalharmonic.py::test_ring_ladders_match_the_integral_representation[False-1.05],not_run,unobserved
tests/test_biottoroidalharmonic.py::test_ring_ladders_match_the_integral_representation[False-1.3],not_run,unobserved
tests/test_biottoroidalharmonic.py::test_ring_ladders_match_the_integral_representation[False-2.0],not_run,unobserved
tests/test_biottoroidalharmonic.py::test_ring_ladders_match_the_integral_representation[False-30.0],not_run,unobserved
tests/test_biottoroidalharmonic.py::test_ring_ladders_match_the_integral_representation[False-300.0],not_run,unobserved
tests/test_biottoroidalharmonic.py::test_ring_ladders_match_the_integral_representation[False-5.0],not_run,unobserved
tests/test_biottoroidalharmonic.py::test_ring_ladders_match_the_integral_representation[True-1.05],not_run,unobserved
tests/test_biottoroidalharmonic.py::test_ring_ladders_match_the_integral_representation[True-1.3],not_run,unobserved
tests/test_biottoroidalharmonic.py::test_ring_ladders_match_the_integral_representation[True-2.0],not_run,unobserved
tests/test_biottoroidalharmonic.py::test_ring_ladders_match_the_integral_representation[True-30.0],not_run,unobserved
tests/test_biottoroidalharmonic.py::test_ring_ladders_match_the_integral_representation[True-300.0],not_run,unobserved
tests/test_biottoroidalharmonic.py::test_ring_ladders_match_the_integral_representation[True-5.0],not_run,unobserved
tests/test_biottoroidalharmonic.py::test_significance_cut_discards_directions_the_noise_buries,not_run,unobserved
tests/test_biottoroidalharmonic.py::test_two_filament_shortfall_grows_with_separation,not_run,unobserved
tests/test_biotzeta.py::test_batched_path_matches_the_numpy_rule,not_run,unobserved
tests/test_biotzeta.py::test_batched_precision_is_selected_per_evaluator,not_run,unobserved
tests/test_biotzeta.py::test_blocking_does_not_change_the_result,not_run,unobserved
tests/test_biotzeta.py::test_coherent_rule_selection_routes_whole_physical_corner_rows,not_run,unobserved
tests/test_biotzeta.py::test_engagement_threshold_keeps_a_factor_of_two_in_reserve,not_run,unobserved
tests/test_biotzeta.py::test_fast_path_holds_as_alpha_approaches_the_upper_singularity,not_run,unobserved
tests/test_biotzeta.py::test_fast_path_meets_the_gate,not_run,unobserved
tests/test_biotzeta.py::test_gauss_legendre_covers_the_region_it_is_engaged_on,not_run,unobserved
tests/test_biotzeta.py::test_midpoint_reference_is_reproduced_where_it_is_accurate,not_run,unobserved
tests/test_biotzeta.py::test_near_plane_rule_carries_the_region_gauss_legendre_cannot,not_run,unobserved
tests/test_biotzeta.py::test_node_counts_are_fixed,not_run,unobserved
tests/test_biotzeta.py::test_reference_is_converged[0.2-0.0-1.5707963267948963],not_run,unobserved
tests/test_biotzeta.py::test_reference_is_converged[0.2-0.0-1.5707963267948966],not_run,unobserved
tests/test_biotzeta.py::test_reference_is_converged[0.2-1e-06-1.5697963267948967],not_run,unobserved
tests/test_biotzeta.py::test_reference_is_converged[20.0-10.0-0.05],not_run,unobserved
tests/test_biotzeta.py::test_reference_is_converged[5.0-0.1-1.4],not_run,unobserved
tests/test_biotzeta.py::test_result_takes_the_broadcast_shape,not_run,unobserved
tests/test_biotzeta.py::test_traced_rule_resolves_a_floating_dtype[arguments0-dtype0-2e-15],not_run,unobserved
tests/test_biotzeta.py::test_traced_rule_resolves_a_floating_dtype[arguments1-dtype1-2e-06],not_run,unobserved
tests/test_biotzeta.py::test_zero_extent_holds_every_integrand_operand_and_tangent,not_run,unobserved
tests/test_biotzeta.py::test_zeta_is_even_in_alpha_and_vanishes_at_zero,not_run,unobserved
tests/test_bokeh.py::test_attributes,not_run,unobserved
tests/test_bokeh.py::test_getitem,not_run,unobserved
tests/test_bokeh.py::test_named_setitem,not_run,unobserved
tests/test_bokeh.py::test_setitem,not_run,unobserved
tests/test_branch_selection.py::test_admissibility_disqualifies_an_otherwise_converged_cold_candidate[admissibility0-1],not_run,unobserved
tests/test_branch_selection.py::test_admissibility_disqualifies_an_otherwise_converged_cold_candidate[admissibility1-0],not_run,unobserved
tests/test_branch_selection.py::test_both_valid_on_cold_start_use_the_declared_scenario_class,not_run,unobserved
tests/test_branch_selection.py::test_branch_disappearance_switches_immediately,not_run,unobserved
tests/test_branch_selection.py::test_neither_valid_returns_no_selected_branch,not_run,unobserved
tests/test_branch_selection.py::test_persistent_admissibility_transition_switches_once_at_declared_slice,not_run,unobserved
tests/test_branch_selection.py::test_policy_rejects_a_zero_persistence_threshold,not_run,unobserved
tests/test_branch_selection.py::test_selection_is_referentially_transparent,not_run,unobserved
tests/test_branch_selection.py::test_selection_receipt_records_policy_criteria_and_switch_reason,not_run,unobserved
tests/test_branch_selection.py::test_sole_valid_branch_wins_without_history[available0-0],not_run,unobserved
tests/test_branch_selection.py::test_sole_valid_branch_wins_without_history[available1-1],not_run,unobserved
tests/test_branch_selection.py::test_tied_valid_branches_preserve_history[0],not_run,unobserved
tests/test_branch_selection.py::test_tied_valid_branches_preserve_history[1],not_run,unobserved
tests/test_branch_selection.py::test_topology_inconsistency_disqualifies_a_converged_candidate,not_run,unobserved
tests/test_callstate.py::test_append,not_run,unobserved
tests/test_callstate.py::test_attrs,not_run,unobserved
tests/test_callstate.py::test_clear,not_run,unobserved
tests/test_callstate.py::test_setitem_error,not_run,unobserved
tests/test_callstate.py::test_type,not_run,unobserved
tests/test_chain_factory.py::test_boundary_termination_reason[read0-no closed axis-connected surface],not_run,unobserved
tests/test_chain_factory.py::test_boundary_termination_reason[read1-x-point saddle bound the separatrix],not_run,unobserved
tests/test_chain_factory.py::test_boundary_termination_reason[read2-x-point saddle remained unresolved],not_run,unobserved
tests/test_chain_factory.py::test_boundary_termination_reason[read3-wall tangency with no saddle candidate],not_run,unobserved
tests/test_chain_factory.py::test_factory_returns_production_solver_types,not_run,unobserved
tests/test_circuit_linkage.py::test_drive_linkage_averages_a_merged_channel_on_both_sides,not_run,unobserved
tests/test_circuit_linkage.py::test_linkage_matrix_is_symmetric_and_positive,not_run,unobserved
tests/test_circuit_linkage.py::test_median_section_scale_is_machine_intrinsic,not_run,unobserved
tests/test_circuit_linkage.py::test_section_averaged_linkage_matches_centroid_far_field_and_is_symmetric,not_run,unobserved
tests/test_circuit_linkage.py::test_section_points_large_element_grid_is_area_faithful,not_run,unobserved
tests/test_circuit_linkage.py::test_section_points_small_element_stays_at_the_centroid,not_run,unobserved
tests/test_circuit_linkage.py::test_thin_shell_resistance_uses_the_true_cross_section,not_run,unobserved
tests/test_circuit_linkage.py::test_winding_enclosed_by_a_thin_case_couples_strongly_below_unity,not_run,unobserved
tests/test_circuit_passive.py::test_a_held_back_channel_never_becomes_a_drive_column,not_run,unobserved
tests/test_circuit_passive.py::test_bad_resistance_multipliers_fail_loud,not_run,unobserved
tests/test_circuit_passive.py::test_circuit_system_and_eigenbasis_round_trip,not_run,unobserved
tests/test_circuit_passive.py::test_constant_drive_leaves_no_eddy_state,not_run,unobserved
tests/test_circuit_passive.py::test_eddy_history_matches_dense_sub_step_integration,not_run,unobserved
tests/test_circuit_passive.py::test_jax_scan_precision_is_selected_per_call,not_run,unobserved
tests/test_circuit_passive.py::test_plasma_drive_adds_a_transient_the_coils_alone_do_not,not_run,unobserved
tests/test_circuit_passive.py::test_pre_slice_plasma_flux_follows_the_measured_current,not_run,unobserved
tests/test_circuit_passive.py::test_raw_cadence_equals_slice_cadence_for_a_piecewise_linear_drive,not_run,unobserved
tests/test_circuit_passive.py::test_reduction_keeps_the_most_relevant_modes_slowest_first,not_run,unobserved
tests/test_circuit_passive.py::test_shell_vessel_decay_times_are_physical,not_run,unobserved
tests/test_circuit_passive.py::test_state_decays_purely_once_the_drive_stops,not_run,unobserved
tests/test_circuit_passive.py::test_the_three_integrators_agree,not_run,unobserved
tests/test_circuit_passive.py::test_uniform_resistance_multiplier_scales_every_decay_time,not_run,unobserved
tests/test_circuit_passive.py::test_uniform_tau_scale_scales_the_decay_exactly,not_run,unobserved
tests/test_circuit_passive.py::test_voltage_drive_matches_the_reference_and_its_steady_state,not_run,unobserved
tests/test_circuit_resistance.py::test_a_series_wired_pair_predicts_both_channels_equal,not_run,unobserved
tests/test_circuit_resistance.py::test_adjacency_stamp_couples_a_pair_and_stays_positive_definite,not_run,unobserved
tests/test_circuit_resistance.py::test_an_empty_structure_reduces_to_the_diagonal_model,not_run,unobserved
tests/test_circuit_resistance.py::test_calibration_round_trips_and_fails_loud_on_a_missing_group,not_run,unobserved
tests/test_circuit_resistance.py::test_channel_label_rules_find_parents_and_updown_pairs,not_run,unobserved
tests/test_circuit_resistance.py::test_galvanic_wiring_edits_only_the_wired_row,not_run,unobserved
tests/test_circuit_resistance.py::test_group_labels_follow_case_identity_and_the_normalised_regions,not_run,unobserved
tests/test_circuit_resistance.py::test_held_back_supervision_never_leaks_into_the_drive,not_run,unobserved
tests/test_circuit_resistance.py::test_measured_rows_follow_the_sorted_channel_order,not_run,unobserved
tests/test_circuit_resistance.py::test_neighbour_edges_use_the_size_normalised_rule,not_run,unobserved
tests/test_circuit_resistance.py::test_pooled_loss_is_minimised_at_the_true_multiplier,not_run,unobserved
tests/test_circuit_resistance.py::test_series_reduction_reproduces_the_classical_inductance_algebra,not_run,unobserved
tests/test_circuit_resistance.py::test_structure_artifact_round_trips,not_run,unobserved
tests/test_circuit_resistance.py::test_structured_loss_recovers_the_true_wiring_gain,not_run,unobserved
tests/test_circuit_resistance.py::test_structured_loss_requires_the_raw_drives,not_run,unobserved
tests/test_circuit_resistance.py::test_structured_reduced_basis_matches_the_diagonal_reduction,not_run,unobserved
tests/test_circuit_resistance.py::test_uniform_multiplier_scales_decay_times_and_keeps_the_vectors,not_run,unobserved
tests/test_circuit_screening.py::test_plasma_self_inductance_is_the_large_aspect_form,not_run,unobserved
tests/test_circuit_screening.py::test_the_tiling_rules_are_dimensionless,not_run,unobserved
tests/test_circuit_screening.py::test_the_zero_net_current_subspace_is_orthonormal_and_sums_to_zero,not_run,unobserved
tests/test_cocos_ip_like_sign.py::test_current_bearing_quantity_round_trips_at_exact_equality,not_run,unobserved
tests/test_cocos_ip_like_sign.py::test_quantity_factors_follow_only_the_defining_signs,not_run,unobserved
tests/test_cocos_ip_like_sign.py::test_receipt_adjudicates_the_disputed_authorities,not_run,unobserved
tests/test_codac_uda.py::test_UdaBase,not_run,unobserved
tests/test_codac_uda.py::test_async_info,not_run,unobserved
tests/test_codac_uda.py::test_async_pulse_info,not_run,unobserved
tests/test_codac_uda.py::test_diagnostic_name[ids-55.AI.00-MSA-9007],not_run,unobserved
tests/test_codac_uda.py::test_diagnostic_name[uda-D1-H1-AI00:MSA-9007],not_run,unobserved
tests/test_codac_uda.py::test_diagnostic_split[55.AI.00-MSA-9007],not_run,unobserved
tests/test_codac_uda.py::test_diagnostic_split[D1-H1-AI00:MSA-9007],not_run,unobserved
tests/test_codac_uda.py::test_diagnostic_variable[False],not_run,unobserved
tests/test_codac_uda.py::test_diagnostic_variable[True],not_run,unobserved
tests/test_codac_uda.py::test_info,not_run,unobserved
tests/test_codac_uda.py::test_info_path,not_run,unobserved
tests/test_codac_uda.py::test_pulse_info,not_run,unobserved
"tests/test_coil.py::test_full_coil_name[BCC_9-2-Bottom Correction Coils, BCC-9 and BCC-2]",not_run,unobserved
tests/test_coil.py::test_full_coil_name[CS1U-Central Solenoid Module 1 Upper],not_run,unobserved
tests/test_coil.py::test_full_coil_name[CS3L-Central Solenoid Module 3 Lower],not_run,unobserved
"tests/test_coil.py::test_full_coil_name[SCC_2-6-Side Correction Coils, SCC-2 and SCC-6]",not_run,unobserved
"tests/test_coil.py::test_full_coil_name[TCC_1-4-Top Correction Coils, TCC-1 and TCC-4]",not_run,unobserved
tests/test_coil.py::test_full_coil_name_bad_id,not_run,unobserved
tests/test_coil_section.py::test_a_meshed_coil_couples_through_its_own_section[-20],not_run,unobserved
tests/test_coil_section.py::test_a_meshed_coil_couples_through_its_own_section[-2],not_run,unobserved
tests/test_coil_section.py::test_a_meshed_coil_couples_through_its_own_section[-5],not_run,unobserved
tests/test_coil_section.py::test_an_undivided_rectangle_takes_the_corner_rule,not_run,unobserved
tests/test_coil_section.py::test_an_undivided_skewed_polygon_takes_the_polygon_kernel,not_run,unobserved
tests/test_coil_section.py::test_composite_and_wall_clipped_targets_preserve_logical_cells,not_run,unobserved
tests/test_coil_section.py::test_hollow_target_nodes_stay_in_actual_parent_material,not_run,unobserved
tests/test_coil_section.py::test_inductance_rejects_target_policy_mutation_after_construction,not_run,unobserved
tests/test_coil_section.py::test_linked_source_reduces_columns_but_keeps_physical_target_rows,not_run,unobserved
tests/test_coil_section.py::test_target_expansion_preserves_every_dcoil_cell_and_parent_turn_sum[-20],not_run,unobserved
tests/test_coil_section.py::test_target_expansion_preserves_every_dcoil_cell_and_parent_turn_sum[-2],not_run,unobserved
tests/test_coil_section.py::test_target_expansion_preserves_every_dcoil_cell_and_parent_turn_sum[-5],not_run,unobserved
tests/test_coil_section.py::test_target_order_sweep_converges_to_raw_reciprocity,not_run,unobserved
tests/test_coil_section.py::test_the_corner_rule_and_the_polygon_kernel_are_one_quantity,not_run,unobserved
tests/test_coil_section.py::test_the_reduced_inductance_converges_with_the_mesh,not_run,unobserved
tests/test_coil_section.py::test_the_section_lane_lands_closer_to_the_double_integral,not_run,unobserved
tests/test_coil_section.py::test_the_section_shape_does_not_change_the_element[disc],not_run,unobserved
tests/test_coil_section.py::test_the_section_shape_does_not_change_the_element[rectangle],not_run,unobserved
tests/test_coil_section.py::test_the_section_shape_does_not_change_the_element[skin],not_run,unobserved
tests/test_coilset.py::test_add_clear_biot,not_run,unobserved
tests/test_coilset.py::test_add_coilset,not_run,unobserved
tests/test_coilset.py::test_array_format,not_run,unobserved
tests/test_coilset.py::test_array_views_insert,not_run,unobserved
tests/test_coilset.py::test_array_views_insert_subspace,not_run,unobserved
tests/test_coilset.py::test_array_views_solve,not_run,unobserved
tests/test_coilset.py::test_aspect_horizontal,not_run,unobserved
tests/test_coilset.py::test_aspect_vertical,not_run,unobserved
tests/test_coilset.py::test_biot_link_dataarray_dataset,not_run,unobserved
tests/test_coilset.py::test_biot_multiframe_plasma,not_run,unobserved
tests/test_coilset.py::test_biot_solve_index_version,not_run,unobserved
tests/test_coilset.py::test_biotdata_numpy,not_run,unobserved
tests/test_coilset.py::test_circular_cross_section,not_run,unobserved
tests/test_coilset.py::test_coil_insert_dict[c],not_run,unobserved
tests/test_coilset.py::test_coil_insert_dict[circle],not_run,unobserved
tests/test_coilset.py::test_coil_insert_dict[d],not_run,unobserved
tests/test_coilset.py::test_coil_insert_dict[disc],not_run,unobserved
tests/test_coilset.py::test_coil_insert_dict[dsk],not_run,unobserved
tests/test_coilset.py::test_coil_multipoint_link,not_run,unobserved
tests/test_coilset.py::test_default_force_route_is_the_section_fan,not_run,unobserved
tests/test_coilset.py::test_dplasma,not_run,unobserved
tests/test_coilset.py::test_dpol,not_run,unobserved
tests/test_coilset.py::test_dpol_default,not_run,unobserved
tests/test_coilset.py::test_dshell,not_run,unobserved
tests/test_coilset.py::test_field_attrs,not_run,unobserved
tests/test_coilset.py::test_filament_number,not_run,unobserved
tests/test_coilset.py::test_flag_current_update,not_run,unobserved
tests/test_coilset.py::test_iadd_clear_biot,not_run,unobserved
tests/test_coilset.py::test_iadd_coilset,not_run,unobserved
tests/test_coilset.py::test_multipoint_link,not_run,unobserved
tests/test_coilset.py::test_nfield,not_run,unobserved
tests/test_coilset.py::test_pfcoil,not_run,unobserved
tests/test_coilset.py::test_plasma_array_attributes,not_run,unobserved
tests/test_coilset.py::test_plasma_hex,not_run,unobserved
tests/test_coilset.py::test_plasma_single,not_run,unobserved
tests/test_coilset.py::test_rectangular_cross_section,not_run,unobserved
tests/test_coilset.py::test_relink,not_run,unobserved
tests/test_coilset.py::test_separatrix_no_plasma_poly,not_run,unobserved
tests/test_coilset.py::test_separatrix_no_plasma_psi,not_run,unobserved
tests/test_coilset.py::test_shell,not_run,unobserved
tests/test_coilset.py::test_shell_additional,not_run,unobserved
tests/test_coilset.py::test_shell_cross_section,not_run,unobserved
tests/test_coilset.py::test_shell_subshell,not_run,unobserved
tests/test_coilset.py::test_shell_turns,not_run,unobserved
tests/test_coilset.py::test_square_filament_number,not_run,unobserved
tests/test_coilset.py::test_store_load_multipoly,not_run,unobserved
tests/test_coilset.py::test_store_load_poly,not_run,unobserved
tests/test_coilset.py::test_store_load_version,not_run,unobserved
tests/test_coilset.py::test_subframe_turn_number,not_run,unobserved
tests/test_coilset.py::test_the_force_route_is_fixed_after_construction,not_run,unobserved
tests/test_coilset.py::test_the_force_route_reaches_the_operator_and_its_cache_identity,not_run,unobserved
tests/test_coilset.py::test_tile_hex,not_run,unobserved
tests/test_columnar.py::test_coerce_bool_dtype,not_run,unobserved
tests/test_columnar.py::test_coerce_length_mismatch,not_run,unobserved
tests/test_columnar.py::test_coerce_scalar_broadcast,not_run,unobserved
tests/test_columnar.py::test_coerce_str_object_dtype,not_run,unobserved
tests/test_columnar.py::test_index_get_indexer,not_run,unobserved
tests/test_columnar.py::test_index_get_loc,not_run,unobserved
tests/test_columnar.py::test_index_get_loc_missing,not_run,unobserved
tests/test_columnar.py::test_index_to_list,not_run,unobserved
tests/test_columnar.py::test_index_unique_preserves_order,not_run,unobserved
tests/test_columnar.py::test_is_list_like,not_run,unobserved
tests/test_columnar.py::test_store_concatenate_append,not_run,unobserved
tests/test_columnar.py::test_store_concatenate_fills_missing_columns_with_default,not_run,unobserved
tests/test_columnar.py::test_store_construction_and_length,not_run,unobserved
tests/test_columnar.py::test_store_drop,not_run,unobserved
tests/test_columnar.py::test_store_explicit_index,not_run,unobserved
tests/test_columnar.py::test_store_loc_boolean_mask,not_run,unobserved
tests/test_columnar.py::test_store_loc_label,not_run,unobserved
tests/test_columnar.py::test_store_loc_label_slice,not_run,unobserved
tests/test_columnar.py::test_store_scalar_broadcast_to_list_length,not_run,unobserved
tests/test_columnar.py::test_vector_empty,not_run,unobserved
tests/test_columnar.py::test_vector_is_ndarray,not_run,unobserved
tests/test_columnar.py::test_vector_to_list,not_run,unobserved
tests/test_columnar.py::test_vector_values_is_plain_ndarray,not_run,unobserved
tests/test_current_diffusion.py::test_a_degenerate_projection_returns_none_rather_than_a_guess,not_run,unobserved
tests/test_current_diffusion.py::test_bessel_mode_decays_at_the_analytic_rate,not_run,unobserved
tests/test_current_diffusion.py::test_both_ladders_clip_outside_the_unit_interval[False],not_run,unobserved
tests/test_current_diffusion.py::test_both_ladders_clip_outside_the_unit_interval[True],not_run,unobserved
tests/test_current_diffusion.py::test_diffusion_precision_is_selected_per_solve,not_run,unobserved
tests/test_current_diffusion.py::test_ejima_coefficient_normalisation,not_run,unobserved
tests/test_current_diffusion.py::test_eta_profile_family_is_bounded_and_monotone,not_run,unobserved
tests/test_current_diffusion.py::test_flux_surface_assembly_has_one_equilibrium_owned_implementation,not_run,unobserved
tests/test_current_diffusion.py::test_internal_inductance_is_positive_and_order_unity,not_run,unobserved
tests/test_current_diffusion.py::test_jax_solve_reproduces_the_torch_prototype,not_run,unobserved
tests/test_current_diffusion.py::test_large_aspect_circular_limit_cannot_split_the_families,not_run,unobserved
tests/test_current_diffusion.py::test_late_time_consumption_is_rigid_and_ohmic,not_run,unobserved
tests/test_current_diffusion.py::test_predicted_current_integrates_to_the_plasma_current,not_run,unobserved
tests/test_current_diffusion.py::test_profile_shapes_vanish_at_the_edge_in_both_arms,not_run,unobserved
tests/test_current_diffusion.py::test_projection_round_trips_a_known_coefficient_vector,not_run,unobserved
tests/test_current_diffusion.py::test_the_current_condition_holds_the_enclosed_current,not_run,unobserved
tests/test_current_diffusion.py::test_the_two_current_targets_weight_the_families_differently,not_run,unobserved
tests/test_current_diffusion.py::test_the_two_profile_ladders_are_one_family[0-False],not_run,unobserved
tests/test_current_diffusion.py::test_the_two_profile_ladders_are_one_family[0-True],not_run,unobserved
tests/test_current_diffusion.py::test_the_two_profile_ladders_are_one_family[1-False],not_run,unobserved
tests/test_current_diffusion.py::test_the_two_profile_ladders_are_one_family[1-True],not_run,unobserved
tests/test_current_diffusion.py::test_the_two_profile_ladders_are_one_family[2-False],not_run,unobserved
tests/test_current_diffusion.py::test_the_two_profile_ladders_are_one_family[2-True],not_run,unobserved
tests/test_current_diffusion.py::test_the_two_profile_ladders_are_one_family[3-False],not_run,unobserved
tests/test_current_diffusion.py::test_the_two_profile_ladders_are_one_family[3-True],not_run,unobserved
tests/test_current_diffusion.py::test_the_two_profile_ladders_are_one_family[4-False],not_run,unobserved
tests/test_current_diffusion.py::test_the_two_profile_ladders_are_one_family[4-True],not_run,unobserved
tests/test_current_diffusion.py::test_the_two_profile_ladders_are_one_family[5-False],not_run,unobserved
tests/test_current_diffusion.py::test_the_two_profile_ladders_are_one_family[5-True],not_run,unobserved
tests/test_dataarray.py::test_array_getitem,not_run,unobserved
tests/test_dataarray.py::test_array_ndarray,not_run,unobserved
tests/test_dataarray.py::test_exclude_internal_metadata,not_run,unobserved
tests/test_dataarray.py::test_get_iloc_slice,not_run,unobserved
tests/test_dataarray.py::test_get_loc_part,not_run,unobserved
tests/test_dataarray.py::test_get_loc_plasma,not_run,unobserved
tests/test_dataarray.py::test_get_loc_plasma_subset,not_run,unobserved
tests/test_dataarray.py::test_get_loc_slice,not_run,unobserved
tests/test_dataarray.py::test_getattr_numpy,not_run,unobserved
tests/test_dataarray.py::test_getattr_slice,not_run,unobserved
tests/test_dataarray.py::test_loc_hash_version_array_x,not_run,unobserved
tests/test_dataarray.py::test_loc_hash_version_x,not_run,unobserved
tests/test_dataarray.py::test_loc_update_single,not_run,unobserved
tests/test_dataarray.py::test_loc_update_slice,not_run,unobserved
tests/test_dataarray.py::test_masked_loc_assignment_writes_selected_rows,not_run,unobserved
tests/test_dataarray.py::test_set_at,not_run,unobserved
tests/test_dataarray.py::test_set_get_loc_slice,not_run,unobserved
tests/test_dataarray.py::test_set_iat,not_run,unobserved
tests/test_dataarray.py::test_set_iloc,not_run,unobserved
tests/test_dataarray.py::test_set_iloc_slice,not_run,unobserved
tests/test_dataarray.py::test_set_loc,not_run,unobserved
tests/test_dataarray.py::test_set_loc_part,not_run,unobserved
tests/test_dataarray.py::test_set_loc_plasma_subset,not_run,unobserved
tests/test_dataarray.py::test_set_loc_slice,not_run,unobserved
tests/test_dataarray.py::test_set_slice_on_array_variable,not_run,unobserved
tests/test_dataarray.py::test_set_slice_on_col,not_run,unobserved
tests/test_dataarray.py::test_setattr_slice,not_run,unobserved
tests/test_dataarray.py::test_setitem_slice,not_run,unobserved
tests/test_dataarray.py::test_setitem_slice_warn,not_run,unobserved
tests/test_dataarray.py::test_store_load_hash_x,not_run,unobserved
tests/test_dataarray.py::test_update_array,not_run,unobserved
tests/test_database.py::test_cache_group_eviction_keeps_siblings,not_run,unobserved
tests/test_database.py::test_cache_key_distinguishes_source_lanes_and_target_quadrature,not_run,unobserved
tests/test_database.py::test_cache_key_geometry_perturbation,not_run,unobserved
tests/test_database.py::test_cache_key_includes_dd_version,not_run,unobserved
tests/test_database.py::test_cache_key_nested_composite,not_run,unobserved
tests/test_database.py::test_cache_key_order_independent,not_run,unobserved
tests/test_database.py::test_cache_key_type_discriminating,not_run,unobserved
tests/test_database.py::test_cache_round_trip_bit_identical,not_run,unobserved
tests/test_database.py::test_cache_stale_entry_replaced_in_place,not_run,unobserved
tests/test_database.py::test_coilset_root_route_identity_is_immutable[coil_polysection_policy-value0],not_run,unobserved
tests/test_database.py::test_coilset_root_route_identity_is_immutable[inductance_target_policy-value2],not_run,unobserved
tests/test_database.py::test_coilset_root_route_identity_is_immutable[plasma_polysection_policy-value1],not_run,unobserved
tests/test_database.py::test_create_equilibrium_database_from_ids_attrs,not_run,unobserved
tests/test_database.py::test_database_malformed_input,not_run,unobserved
tests/test_database.py::test_database_minimum_required_input,not_run,unobserved
tests/test_database.py::test_datafile_caches_through_zarr,not_run,unobserved
tests/test_database.py::test_equilibrium_attr_defaults,not_run,unobserved
tests/test_database.py::test_equilibrium_database_from_ids_str_hash,not_run,unobserved
tests/test_database.py::test_equilibrium_database_ids_attrs,not_run,unobserved
tests/test_database.py::test_equilibrium_rebuild,not_run,unobserved
tests/test_database.py::test_fresh_process_reload_uses_distinct_readers_and_zarr_cleanup,not_run,unobserved
tests/test_database.py::test_geometry_boolean_input,not_run,unobserved
tests/test_database.py::test_geometry_pf_active_as_itterable,not_run,unobserved
tests/test_database.py::test_geometry_pf_active_run_ids,not_run,unobserved
tests/test_database.py::test_geometry_update_run,not_run,unobserved
tests/test_database.py::test_get_ids_partial_name,not_run,unobserved
tests/test_database.py::test_get_ids_partial_path,not_run,unobserved
tests/test_database.py::test_get_ids_partial_vector,not_run,unobserved
tests/test_database.py::test_get_ids_path,not_run,unobserved
tests/test_database.py::test_ids_attrs,not_run,unobserved
tests/test_database.py::test_load_equilibrium_attrs,not_run,unobserved
tests/test_database.py::test_machine_cache_folds_dd_version,not_run,unobserved
tests/test_database.py::test_machine_geometry_default,not_run,unobserved
tests/test_database.py::test_machine_geometry_relative,not_run,unobserved
tests/test_database.py::test_md_geometry_default,not_run,unobserved
tests/test_database.py::test_md_geometry_default_str_error,not_run,unobserved
tests/test_database.py::test_md_geometry_relative,not_run,unobserved
tests/test_database.py::test_pf_active_attrs,not_run,unobserved
tests/test_database.py::test_pf_active_default_name,not_run,unobserved
tests/test_database.py::test_pf_active_ids,not_run,unobserved
tests/test_database.py::test_pf_active_properties,not_run,unobserved
tests/test_database.py::test_route_identity_round_trips_through_the_zarr_root_group,not_run,unobserved
tests/test_database.py::test_subframe_route_mutation_cannot_poison_the_root_cache_key,not_run,unobserved
tests/test_dataframe.py::test_columns_extend_additional,not_run,unobserved
tests/test_dataframe.py::test_data_init,not_run,unobserved
tests/test_dataframe.py::test_data_init_additional,not_run,unobserved
tests/test_dataframe.py::test_data_init_required,not_run,unobserved
tests/test_dataframe.py::test_dataframe_columnar_store,not_run,unobserved
tests/test_dataframe.py::test_dataframe_label,not_run,unobserved
tests/test_dataframe.py::test_dataframe_label_delim,not_run,unobserved
tests/test_dataframe.py::test_dataframe_name,not_run,unobserved
tests/test_dataframe.py::test_dataframe_name_offset,not_run,unobserved
tests/test_dataframe.py::test_exclude,not_run,unobserved
tests/test_dataframe.py::test_exclude_required_error,not_run,unobserved
tests/test_dataframe.py::test_index,not_run,unobserved
tests/test_dataframe.py::test_init_metadata,not_run,unobserved
tests/test_dataframe.py::test_instance,not_run,unobserved
tests/test_dataframe.py::test_loc_hash_index,not_run,unobserved
tests/test_dataframe.py::test_loc_hash_version_index,not_run,unobserved
tests/test_dataframe.py::test_pass_label,not_run,unobserved
tests/test_dataframe.py::test_reindex,not_run,unobserved
tests/test_dataframe.py::test_required_columns,not_run,unobserved
tests/test_dataframe.py::test_reset_metadata_attribute,not_run,unobserved
tests/test_dataframe.py::test_store_load,not_run,unobserved
tests/test_dataframe.py::test_store_load_hash_index,not_run,unobserved
tests/test_dataframe.py::test_warn_new_attribute,not_run,unobserved
tests/test_datasource.py::test_default_cad_provenance,not_run,unobserved
tests/test_datasource.py::test_default_cad_source_fields,not_run,unobserved
tests/test_datasource.py::test_default_date,not_run,unobserved
tests/test_datasource.py::test_shared_attributes,not_run,unobserved
tests/test_datasource.py::test_source_date,not_run,unobserved
tests/test_datasource.py::test_yaml_contacts,not_run,unobserved
tests/test_datasource.py::test_yaml_data,not_run,unobserved
tests/test_dd_version_identity.py::test_coil_cache_separates_dd_versions,not_run,unobserved
tests/test_dd_version_identity.py::test_machine_preserves_each_source_dd_version,not_run,unobserved
tests/test_deferred.py::test_defered_import_load[False],not_run,unobserved
tests/test_deferred.py::test_defered_import_load[True],not_run,unobserved
tests/test_deferred.py::test_imp_clear[False],not_run,unobserved
tests/test_deferred.py::test_imp_clear[True],not_run,unobserved
tests/test_deferred.py::test_imp_defaut_types[False0],not_run,unobserved
tests/test_deferred.py::test_imp_defaut_types[False1],not_run,unobserved
tests/test_deferred.py::test_imp_defaut_types[True0],not_run,unobserved
tests/test_deferred.py::test_imp_defaut_types[True1],not_run,unobserved
tests/test_deferred.py::test_import[False],not_run,unobserved
tests/test_deferred.py::test_import[True],not_run,unobserved
tests/test_deferred.py::test_with_defer_import[False-False],not_run,unobserved
tests/test_deferred.py::test_with_defer_import[False-True],not_run,unobserved
tests/test_deferred.py::test_with_defer_import[True-False],not_run,unobserved
tests/test_deferred.py::test_with_defer_import[True-True],not_run,unobserved
tests/test_diiid_artifact_publication.py::test_builds_manifest_cache_receipt_and_publication_recipe,not_run,unobserved
tests/test_diiid_artifact_publication.py::test_publication_path_refuses_ids_declaring_prior_major,not_run,unobserved
tests/test_diiid_artifact_publication.py::test_repository_is_cli_supplied_and_must_target_ghcr,not_run,unobserved
tests/test_domain_participation_continuity.py::test_clipped_evaluation_converges_to_full_stencil_limit,not_run,unobserved
tests/test_domain_participation_continuity.py::test_cubic_support_is_c1_at_full_cell_transition_without_smoothing,not_run,unobserved
tests/test_domain_participation_continuity.py::test_non_crossing_cell_participation_is_continuous_through_label_flip,not_run,unobserved
tests/test_efit_referee.py::test_absent_x_point_is_scored_as_an_explicit_topology_failure[reconstruction-reconstruction-x-point-absent],not_run,unobserved
tests/test_efit_referee.py::test_absent_x_point_is_scored_as_an_explicit_topology_failure[referee-referee-x-point-absent],not_run,unobserved
tests/test_efit_referee.py::test_frozen_shot_catalogues_supply_read_only_reference_geometry[21978],not_run,unobserved
tests/test_efit_referee.py::test_frozen_shot_catalogues_supply_read_only_reference_geometry[21983],not_run,unobserved
tests/test_efit_referee.py::test_frozen_shot_catalogues_supply_read_only_reference_geometry[21985],not_run,unobserved
tests/test_efit_referee.py::test_frozen_shot_catalogues_supply_read_only_reference_geometry[21986],not_run,unobserved
tests/test_efit_referee.py::test_frozen_shot_catalogues_supply_read_only_reference_geometry[21989],not_run,unobserved
tests/test_efit_referee.py::test_frozen_shot_catalogues_supply_read_only_reference_geometry[22086],not_run,unobserved
tests/test_efit_referee.py::test_referee_is_opened_only_after_the_solve_and_never_reaches_solve_inputs,not_run,unobserved
tests/test_efit_referee.py::test_reference_geometry_replaces_every_nan_scorecard_field,not_run,unobserved
tests/test_energize.py::test_in_energize,not_run,unobserved
tests/test_energize.py::test_set_attr_Ic,not_run,unobserved
tests/test_energize.py::test_set_attr_It,not_run,unobserved
tests/test_energize.py::test_set_attr_nturn,not_run,unobserved
tests/test_energize.py::test_set_item_Ic,not_run,unobserved
tests/test_energize.py::test_set_item_It,not_run,unobserved
tests/test_energize.py::test_set_item_nturn,not_run,unobserved
tests/test_energize.py::test_set_loc_nturn,not_run,unobserved
tests/test_equilibrium_analytic_oracle.py::test_the_closed_form_boundary_is_the_production_boundary_read,not_run,unobserved
tests/test_equilibrium_analytic_oracle.py::test_the_fixture_identity_names_the_closed_form_oracle,not_run,unobserved
tests/test_equilibrium_analytic_oracle.py::test_the_oracle_lane_has_no_stored_or_external_data_dependency,not_run,unobserved
tests/test_equilibrium_density_moments.py::test_direct_density_moments_trace_once_and_compose_under_vmap,not_run,unobserved
tests/test_equilibrium_density_moments.py::test_direct_density_moments_zero_nonparticipating_supports,not_run,unobserved
tests/test_equilibrium_density_moments.py::test_direct_quadrature_carries_exact_affine_density_moments,not_run,unobserved
tests/test_equilibrium_diagnostics.py::test_circular_required_field_matches_signed_ring_balance,not_run,unobserved
tests/test_equilibrium_diagnostics.py::test_circular_required_field_returns_nan_for_degenerate_geometry[-0.9-0.5],not_run,unobserved
tests/test_equilibrium_diagnostics.py::test_circular_required_field_returns_nan_for_degenerate_geometry[0.0-0.5],not_run,unobserved
tests/test_equilibrium_diagnostics.py::test_circular_required_field_returns_nan_for_degenerate_geometry[0.9--0.5],not_run,unobserved
tests/test_equilibrium_diagnostics.py::test_circular_required_field_returns_nan_for_degenerate_geometry[0.9-0.0],not_run,unobserved
tests/test_equilibrium_diagnostics.py::test_circular_required_field_returns_nan_for_degenerate_geometry[0.9-7.2],not_run,unobserved
tests/test_equilibrium_diagnostics.py::test_circular_required_field_returns_nan_without_warnings_for_nonfinite_input[600000.0-0.9-0.5-inf],not_run,unobserved
tests/test_equilibrium_diagnostics.py::test_circular_required_field_returns_nan_without_warnings_for_nonfinite_input[600000.0-0.9-0.5-nan],not_run,unobserved
tests/test_equilibrium_diagnostics.py::test_circular_required_field_returns_nan_without_warnings_for_nonfinite_input[600000.0-0.9-inf-1.0],not_run,unobserved
tests/test_equilibrium_diagnostics.py::test_circular_required_field_returns_nan_without_warnings_for_nonfinite_input[600000.0-0.9-nan-1.0],not_run,unobserved
tests/test_equilibrium_diagnostics.py::test_circular_required_field_returns_nan_without_warnings_for_nonfinite_input[600000.0-inf-0.5-1.0],not_run,unobserved
tests/test_equilibrium_diagnostics.py::test_circular_required_field_returns_nan_without_warnings_for_nonfinite_input[600000.0-nan-0.5-1.0],not_run,unobserved
tests/test_equilibrium_diagnostics.py::test_circular_required_field_returns_nan_without_warnings_for_nonfinite_input[inf-0.9-0.5-1.0],not_run,unobserved
tests/test_equilibrium_diagnostics.py::test_circular_required_field_returns_nan_without_warnings_for_nonfinite_input[nan-0.9-0.5-1.0],not_run,unobserved
tests/test_equilibrium_diagnostics.py::test_circular_required_field_reverses_with_current,not_run,unobserved
tests/test_equilibrium_diagnostics.py::test_circular_required_field_scales_with_pressure_and_inductance,not_run,unobserved
tests/test_equilibrium_diagnostics.py::test_decay_index_approaches_dipole_limit_for_symmetric_distant_loops,not_run,unobserved
tests/test_equilibrium_diagnostics.py::test_decay_index_propagates_an_isolated_nonfinite_sample_locally[-inf],not_run,unobserved
tests/test_equilibrium_diagnostics.py::test_decay_index_propagates_an_isolated_nonfinite_sample_locally[inf],not_run,unobserved
tests/test_equilibrium_diagnostics.py::test_decay_index_propagates_an_isolated_nonfinite_sample_locally[nan],not_run,unobserved
tests/test_equilibrium_diagnostics.py::test_decay_index_recovers_power_law_exponent[0.0],not_run,unobserved
tests/test_equilibrium_diagnostics.py::test_decay_index_recovers_power_law_exponent[1.0],not_run,unobserved
tests/test_equilibrium_diagnostics.py::test_decay_index_recovers_power_law_exponent[1.4],not_run,unobserved
tests/test_equilibrium_diagnostics.py::test_decay_index_recovers_power_law_exponent[3.0],not_run,unobserved
tests/test_equilibrium_diagnostics.py::test_decay_index_rejects_non_vector_inputs[radius0-vertical_field0],not_run,unobserved
tests/test_equilibrium_diagnostics.py::test_decay_index_rejects_non_vector_inputs[radius1-vertical_field1],not_run,unobserved
tests/test_equilibrium_diagnostics.py::test_decay_index_rejects_nonfinite_or_nonmonotonic_radius[radius0],not_run,unobserved
tests/test_equilibrium_diagnostics.py::test_decay_index_rejects_nonfinite_or_nonmonotonic_radius[radius1],not_run,unobserved
tests/test_equilibrium_diagnostics.py::test_decay_index_rejects_nonfinite_or_nonmonotonic_radius[radius2],not_run,unobserved
tests/test_equilibrium_diagnostics.py::test_decay_index_rejects_nonfinite_or_nonmonotonic_radius[radius3],not_run,unobserved
tests/test_equilibrium_diagnostics.py::test_decay_index_rejects_undersized_and_unequal_inputs,not_run,unobserved
tests/test_equilibrium_diagnostics.py::test_decay_index_returns_nan_at_field_reversal,not_run,unobserved
tests/test_equilibrium_diagnostics.py::test_decay_index_returns_nan_without_warnings_for_nonfinite_field[-inf],not_run,unobserved
tests/test_equilibrium_diagnostics.py::test_decay_index_returns_nan_without_warnings_for_nonfinite_field[inf],not_run,unobserved
tests/test_equilibrium_diagnostics.py::test_decay_index_returns_nan_without_warnings_for_nonfinite_field[nan],not_run,unobserved
tests/test_equilibrium_diagnostics.py::test_decay_index_supports_strictly_decreasing_radius,not_run,unobserved
tests/test_equilibrium_diagnostics.py::test_decay_index_window_is_the_open_rigid_displacement_interval,not_run,unobserved
tests/test_equilibrium_diagnostics.py::test_elongated_required_field_matches_area_equivalent_radius,not_run,unobserved
tests/test_equilibrium_diagnostics.py::test_elongated_required_field_reduces_to_circular_at_unit_elongation,not_run,unobserved
tests/test_equilibrium_diagnostics.py::test_elongated_required_field_returns_nan_for_invalid_elongation[-1.0],not_run,unobserved
tests/test_equilibrium_diagnostics.py::test_elongated_required_field_returns_nan_for_invalid_elongation[0.0],not_run,unobserved
tests/test_equilibrium_diagnostics.py::test_elongated_required_field_returns_nan_for_invalid_elongation[inf],not_run,unobserved
tests/test_equilibrium_diagnostics.py::test_elongated_required_field_returns_nan_for_invalid_elongation[nan],not_run,unobserved
tests/test_equilibrium_diagnostics.py::test_elongated_required_field_returns_nan_without_warnings_for_nonfinite_input[600000.0-0.9-0.5-1.5-inf],not_run,unobserved
tests/test_equilibrium_diagnostics.py::test_elongated_required_field_returns_nan_without_warnings_for_nonfinite_input[600000.0-0.9-0.5-1.5-nan],not_run,unobserved
tests/test_equilibrium_diagnostics.py::test_elongated_required_field_returns_nan_without_warnings_for_nonfinite_input[600000.0-0.9-0.5-inf-1.0],not_run,unobserved
tests/test_equilibrium_diagnostics.py::test_elongated_required_field_returns_nan_without_warnings_for_nonfinite_input[600000.0-0.9-0.5-nan-1.0],not_run,unobserved
tests/test_equilibrium_diagnostics.py::test_elongated_required_field_returns_nan_without_warnings_for_nonfinite_input[600000.0-0.9-inf-1.5-1.0],not_run,unobserved
tests/test_equilibrium_diagnostics.py::test_elongated_required_field_returns_nan_without_warnings_for_nonfinite_input[600000.0-0.9-nan-1.5-1.0],not_run,unobserved
tests/test_equilibrium_diagnostics.py::test_elongated_required_field_returns_nan_without_warnings_for_nonfinite_input[600000.0-inf-0.5-1.5-1.0],not_run,unobserved
tests/test_equilibrium_diagnostics.py::test_elongated_required_field_returns_nan_without_warnings_for_nonfinite_input[600000.0-nan-0.5-1.5-1.0],not_run,unobserved
tests/test_equilibrium_diagnostics.py::test_elongated_required_field_returns_nan_without_warnings_for_nonfinite_input[inf-0.9-0.5-1.5-1.0],not_run,unobserved
tests/test_equilibrium_diagnostics.py::test_elongated_required_field_returns_nan_without_warnings_for_nonfinite_input[nan-0.9-0.5-1.5-1.0],not_run,unobserved
tests/test_equilibrium_diagnostics.py::test_elongation_softens_required_field_by_half_logarithm,not_run,unobserved
tests/test_equilibrium_flux_surface_geometry.py::test_a_map_without_a_resolvable_family_is_refused,not_run,unobserved
tests/test_equilibrium_flux_surface_geometry.py::test_the_axis_limits_reach_their_closed_forms,not_run,unobserved
tests/test_equilibrium_flux_surface_geometry.py::test_the_closed_forms_agree_with_the_reference_quadratures,not_run,unobserved
tests/test_equilibrium_flux_surface_geometry.py::test_the_edge_surface_is_the_declared_cut,not_run,unobserved
tests/test_equilibrium_flux_surface_geometry.py::test_the_gradient_family_carries_the_surface_area,not_run,unobserved
tests/test_equilibrium_flux_surface_geometry.py::test_the_record_converges_on_the_lattice,not_run,unobserved
tests/test_equilibrium_flux_surface_geometry.py::test_the_record_reproduces_the_exact_surface_geometry,not_run,unobserved
tests/test_equilibrium_flux_surface_geometry.py::test_the_safety_factor_is_the_pitch_the_averages_imply,not_run,unobserved
tests/test_equilibrium_flux_surface_geometry.py::test_the_solved_map_carries_a_self_consistent_geometry_record,not_run,unobserved
tests/test_equilibrium_flux_surface_geometry.py::test_the_toroidal_flux_radius_is_monotone,not_run,unobserved
tests/test_equilibrium_flux_surface_geometry.py::test_the_volume_derivative_matches_the_enclosed_volume,not_run,unobserved
tests/test_equilibrium_flux_surface_geometry.py::test_two_records_difference_at_fixed_label,not_run,unobserved
tests/test_equilibrium_forward.py::test_absolute_profiles_are_untouched_by_a_source_evaluation,not_run,unobserved
tests/test_equilibrium_forward.py::test_analytic_equilibrium_meets_the_registered_conservation_tolerances[41],not_run,unobserved
tests/test_equilibrium_forward.py::test_analytic_equilibrium_meets_the_registered_conservation_tolerances[81],not_run,unobserved
tests/test_equilibrium_forward.py::test_conservation_residuals_fall_at_second_order,not_run,unobserved
tests/test_equilibrium_forward.py::test_enforcing_a_moment_fails_against_an_absolute_closure,not_run,unobserved
tests/test_equilibrium_forward.py::test_forward_modules_import_no_measurement_or_fitting_type[nova/equilibrium/conservation.py],not_run,unobserved
tests/test_equilibrium_forward.py::test_forward_modules_import_no_measurement_or_fitting_type[nova/equilibrium/convention.py],not_run,unobserved
tests/test_equilibrium_forward.py::test_forward_modules_import_no_measurement_or_fitting_type[nova/equilibrium/domain.py],not_run,unobserved
tests/test_equilibrium_forward.py::test_forward_modules_import_no_measurement_or_fitting_type[nova/equilibrium/forward.py],not_run,unobserved
tests/test_equilibrium_forward.py::test_forward_modules_import_no_measurement_or_fitting_type[nova/equilibrium/forward_operator.py],not_run,unobserved
tests/test_equilibrium_forward.py::test_forward_modules_import_no_measurement_or_fitting_type[nova/equilibrium/observation.py],not_run,unobserved
tests/test_equilibrium_forward.py::test_forward_modules_import_no_measurement_or_fitting_type[nova/equilibrium/source.py],not_run,unobserved
tests/test_equilibrium_forward.py::test_forward_signatures_accept_no_measurement_argument[nova/equilibrium/conservation.py],not_run,unobserved
tests/test_equilibrium_forward.py::test_forward_signatures_accept_no_measurement_argument[nova/equilibrium/convention.py],not_run,unobserved
tests/test_equilibrium_forward.py::test_forward_signatures_accept_no_measurement_argument[nova/equilibrium/domain.py],not_run,unobserved
tests/test_equilibrium_forward.py::test_forward_signatures_accept_no_measurement_argument[nova/equilibrium/forward.py],not_run,unobserved
tests/test_equilibrium_forward.py::test_forward_signatures_accept_no_measurement_argument[nova/equilibrium/forward_operator.py],not_run,unobserved
tests/test_equilibrium_forward.py::test_forward_signatures_accept_no_measurement_argument[nova/equilibrium/observation.py],not_run,unobserved
tests/test_equilibrium_forward.py::test_forward_signatures_accept_no_measurement_argument[nova/equilibrium/source.py],not_run,unobserved
tests/test_equilibrium_forward.py::test_integral_observations_reproduce_their_pinned_definitions,not_run,unobserved
tests/test_equilibrium_forward.py::test_manufactured_source_matches_the_current_density_read_from_the_field,not_run,unobserved
tests/test_equilibrium_forward.py::test_no_current_appears_outside_the_declared_support,not_run,unobserved
tests/test_equilibrium_forward.py::test_open_flux_alone_does_not_select_the_open_field_cells,not_run,unobserved
tests/test_equilibrium_forward.py::test_poloidal_field_follows_the_pinned_flux_derivatives,not_run,unobserved
tests/test_equilibrium_forward.py::test_private_flux_is_labelled_apart_from_the_core,not_run,unobserved
tests/test_equilibrium_forward.py::test_profile_primitives_integrate_inward_from_the_boundary,not_run,unobserved
tests/test_equilibrium_forward.py::test_rectangular_lattice_construction_carries_fixed_moment_geometry,not_run,unobserved
tests/test_equilibrium_forward.py::test_source_refuses_a_sampled_image_in_place_of_a_flux_function,not_run,unobserved
tests/test_equilibrium_forward.py::test_source_refuses_an_open_region_closure[common_sol],not_run,unobserved
tests/test_equilibrium_forward.py::test_source_refuses_an_open_region_closure[private_flux],not_run,unobserved
tests/test_equilibrium_forward.py::test_source_refuses_an_undeclared_normalisation_policy,not_run,unobserved
tests/test_equilibrium_forward.py::test_the_cell_current_image_is_the_supplied_source_unscaled,not_run,unobserved
tests/test_equilibrium_forward.py::test_the_operator_carries_no_net_plasma_current,not_run,unobserved
tests/test_equilibrium_forward.py::test_the_solve_defaults_to_the_root_find,not_run,unobserved
tests/test_equilibrium_forward.py::test_the_solve_refuses_enforcement_before_reading_the_profiles,not_run,unobserved
tests/test_equilibrium_harmonic.py::test_a_degenerate_spread_leaves_the_weights_uniform,not_run,unobserved
tests/test_equilibrium_harmonic.py::test_an_outlying_annulus_point_is_down_weighted,not_run,unobserved
tests/test_equilibrium_harmonic.py::test_an_unknown_penalty_form_is_rejected,not_run,unobserved
tests/test_equilibrium_harmonic.py::test_every_column_solves_the_homogeneous_grad_shafranov_operator,not_run,unobserved
tests/test_equilibrium_harmonic.py::test_filament_flux_is_reproduced_at_held_out_annulus_points,not_run,unobserved
tests/test_equilibrium_harmonic.py::test_recovers_a_source_free_field_exactly,not_run,unobserved
tests/test_equilibrium_harmonic.py::test_the_absolute_form_offset_absorbs_a_constant_shift,not_run,unobserved
tests/test_equilibrium_harmonic.py::test_the_anchor_off_leaves_the_sensor_only_fit_untouched,not_run,unobserved
tests/test_equilibrium_harmonic.py::test_the_annulus_is_inside_the_limiter_and_outside_the_confined_region,not_run,unobserved
tests/test_equilibrium_harmonic.py::test_the_annulus_selection_is_agnostic_to_the_flux_sign_convention,not_run,unobserved
tests/test_equilibrium_harmonic.py::test_the_circulation_anchor_pins_the_net_current,not_run,unobserved
tests/test_equilibrium_harmonic.py::test_the_circulation_row_is_path_independent,not_run,unobserved
tests/test_equilibrium_harmonic.py::test_the_flux_gradient_matches_a_finite_difference_of_the_flux,not_run,unobserved
tests/test_equilibrium_harmonic.py::test_the_focal_ring_and_the_far_field_are_the_coordinate_limits,not_run,unobserved
tests/test_equilibrium_harmonic.py::test_the_graded_ridge_damps_the_high_modes_hardest,not_run,unobserved
tests/test_equilibrium_harmonic.py::test_the_gradient_form_ignores_an_absolute_flux_shift,not_run,unobserved
tests/test_equilibrium_harmonic.py::test_the_invalid_interior_is_filled_with_a_confined_plateau,not_run,unobserved
tests/test_equilibrium_harmonic.py::test_the_prior_weight_scales_with_the_reads_uncertainty,not_run,unobserved
tests/test_equilibrium_harmonic.py::test_the_ring_functions_vanish_at_the_far_field_limit,not_run,unobserved
tests/test_equilibrium_harmonic.py::test_the_robust_weights_are_invariant_to_a_uniform_shift,not_run,unobserved
tests/test_equilibrium_harmonic.py::test_toroidal_transform_round_trips,not_run,unobserved
tests/test_equilibrium_harmonic.py::test_untrusted_rows_do_not_enter_the_fit,not_run,unobserved
tests/test_equilibrium_moment.py::test_basis_is_candidate_masked_with_a_monopole_first_column,not_run,unobserved
tests/test_equilibrium_moment.py::test_centroid_outside_limiter_carries_position_and_radial_support,not_run,unobserved
tests/test_equilibrium_moment.py::test_flood_seed_outside_vessel_carries_position_and_grid_index,not_run,unobserved
tests/test_equilibrium_moment.py::test_higher_rungs_are_never_worse_on_a_noise_free_signature,not_run,unobserved
tests/test_equilibrium_moment.py::test_limiter_extent_of_a_rectangular_vessel,not_run,unobserved
tests/test_equilibrium_moment.py::test_moment_order_ladder_is_a_nested_monomial_family,not_run,unobserved
tests/test_equilibrium_moment.py::test_order_below_the_centroid_rung_is_rejected,not_run,unobserved
tests/test_equilibrium_moment.py::test_recovers_a_current_inside_the_moment_span,not_run,unobserved
tests/test_equilibrium_moment.py::test_ring_shift_is_infinite_when_a_ring_is_missing,not_run,unobserved
tests/test_equilibrium_moment.py::test_ring_shift_measures_radial_expansion,not_run,unobserved
tests/test_equilibrium_moment.py::test_ring_shift_vanishes_for_identical_rings,not_run,unobserved
tests/test_equilibrium_moment.py::test_sensor_coupling_projects_onto_the_probe_kind,not_run,unobserved
tests/test_equilibrium_moment.py::test_sensor_coupling_rows_follow_the_magnetics_order,not_run,unobserved
tests/test_equilibrium_moment.py::test_shape_moments_carry_no_net_current,not_run,unobserved
tests/test_equilibrium_moment.py::test_the_gate_rejects_a_boundary_swinging_stage,not_run,unobserved
tests/test_equilibrium_moment.py::test_the_rogowski_anchor_pins_the_total_current,not_run,unobserved
tests/test_equilibrium_moment.py::test_uniform_disc_seed_spreads_the_plasma_current_evenly,not_run,unobserved
tests/test_equilibrium_moment.py::test_unsupported_seed_disc_carries_its_support_counts,not_run,unobserved
tests/test_equilibrium_moment.py::test_untrusted_rows_do_not_enter_the_fit,not_run,unobserved
tests/test_equilibrium_profile.py::test_batched_least_squares_matches_slice_solves,not_run,unobserved
tests/test_equilibrium_profile.py::test_geometry_factory_uses_canonical_green_operator,not_run,unobserved
tests/test_equilibrium_profile.py::test_least_squares_recovers_profile_and_measured_current,not_run,unobserved
tests/test_equilibrium_profile.py::test_named_controls_and_prior_rows_are_strict,not_run,unobserved
tests/test_equilibrium_profile.py::test_picard_is_jittable_and_uses_boundary_push_core,not_run,unobserved
tests/test_equilibrium_profile.py::test_profile_basis_matches_donor_two_term_shape,not_run,unobserved
tests/test_equilibrium_profile.py::test_shape_validation_rejects_incompatible_operator,not_run,unobserved
tests/test_equilibrium_rotation.py::test_a_static_source_publishes_a_static_rotation_receipt,not_run,unobserved
tests/test_equilibrium_rotation.py::test_a_uniform_mach_closure_cancels_its_exponent_gradient[moderate-rotation-conventional],not_run,unobserved
tests/test_equilibrium_rotation.py::test_a_uniform_mach_closure_cancels_its_exponent_gradient[strong-rotation-compact],not_run,unobserved
tests/test_equilibrium_rotation.py::test_a_uniform_mach_closure_cancels_its_exponent_gradient[weak-rotation-reactor],not_run,unobserved
tests/test_equilibrium_rotation.py::test_the_body_force_is_the_radial_balance_of_the_closure[moderate-rotation-conventional],not_run,unobserved
tests/test_equilibrium_rotation.py::test_the_body_force_is_the_radial_balance_of_the_closure[strong-rotation-compact],not_run,unobserved
tests/test_equilibrium_rotation.py::test_the_body_force_is_the_radial_balance_of_the_closure[weak-rotation-reactor],not_run,unobserved
tests/test_equilibrium_rotation.py::test_the_closure_refuses_a_sampled_image_in_place_of_a_flux_function,not_run,unobserved
tests/test_equilibrium_rotation.py::test_the_closure_refuses_an_undeclared_species_convention,not_run,unobserved
tests/test_equilibrium_rotation.py::test_the_closure_reproduces_the_reference_thermodynamics[moderate-rotation-conventional],not_run,unobserved
tests/test_equilibrium_rotation.py::test_the_closure_reproduces_the_reference_thermodynamics[strong-rotation-compact],not_run,unobserved
tests/test_equilibrium_rotation.py::test_the_closure_reproduces_the_reference_thermodynamics[weak-rotation-reactor],not_run,unobserved
tests/test_equilibrium_rotation.py::test_the_exponent_gradient_term_reaches_the_source,not_run,unobserved
tests/test_equilibrium_rotation.py::test_the_isothermal_factor_pins_the_radial_pressure_variation[moderate-rotation-conventional],not_run,unobserved
tests/test_equilibrium_rotation.py::test_the_isothermal_factor_pins_the_radial_pressure_variation[strong-rotation-compact],not_run,unobserved
tests/test_equilibrium_rotation.py::test_the_isothermal_factor_pins_the_radial_pressure_variation[weak-rotation-reactor],not_run,unobserved
tests/test_equilibrium_rotation.py::test_the_mean_particle_mass_convention_is_declared_not_assumed,not_run,unobserved
tests/test_equilibrium_rotation.py::test_the_rotating_profile_refuses_a_closure_it_cannot_read,not_run,unobserved
tests/test_equilibrium_rotation.py::test_the_rotating_source_matches_the_operator_of_the_analytic_flux[moderate-rotation-conventional],not_run,unobserved
tests/test_equilibrium_rotation.py::test_the_rotating_source_matches_the_operator_of_the_analytic_flux[strong-rotation-compact],not_run,unobserved
tests/test_equilibrium_rotation.py::test_the_rotating_source_matches_the_operator_of_the_analytic_flux[weak-rotation-reactor],not_run,unobserved
tests/test_equilibrium_rotation.py::test_the_rotating_source_reproduces_the_reference_current_density[moderate-rotation-conventional],not_run,unobserved
tests/test_equilibrium_rotation.py::test_the_rotating_source_reproduces_the_reference_current_density[strong-rotation-compact],not_run,unobserved
tests/test_equilibrium_rotation.py::test_the_rotating_source_reproduces_the_reference_current_density[weak-rotation-reactor],not_run,unobserved
tests/test_equilibrium_rotation.py::test_the_rotating_source_traces_and_batches_unchanged,not_run,unobserved
tests/test_equilibrium_rotation.py::test_the_source_carries_a_derivative_in_the_rotation,not_run,unobserved
tests/test_equilibrium_rotation.py::test_the_source_refuses_a_boundary_pressure_the_closure_contradicts,not_run,unobserved
tests/test_equilibrium_rotation.py::test_the_static_limit_recovers_the_static_source_exactly[moderate-rotation-conventional],not_run,unobserved
tests/test_equilibrium_rotation.py::test_the_static_limit_recovers_the_static_source_exactly[strong-rotation-compact],not_run,unobserved
tests/test_equilibrium_rotation.py::test_the_static_limit_recovers_the_static_source_exactly[weak-rotation-reactor],not_run,unobserved
tests/test_equilibrium_separatrix_clip.py::test_any_intersection_includes_a_centroid_outside_cell,not_run,unobserved
tests/test_equilibrium_separatrix_clip.py::test_centroid_selection_jumps_while_intersection_moments_are_continuous,not_run,unobserved
tests/test_equilibrium_separatrix_clip.py::test_clipped_observation_quadrature_carries_exact_area_and_linear_current,not_run,unobserved
tests/test_equilibrium_separatrix_clip.py::test_clipped_observation_quadrature_matches_adaptive_smooth_oracle,not_run,unobserved
tests/test_equilibrium_separatrix_clip.py::test_exact_zero_shared_corner_has_one_contour_vertex,not_run,unobserved
tests/test_equilibrium_separatrix_clip.py::test_linear_current_moments_use_the_clipped_support_about_fixed_centroid,not_run,unobserved
tests/test_equilibrium_separatrix_clip.py::test_moving_separatrix_padded_contraction_traces_once,not_run,unobserved
tests/test_equilibrium_separatrix_clip.py::test_patch_area_matches_same_crossing_lcfs_on_every_grid[15-17],not_run,unobserved
tests/test_equilibrium_separatrix_clip.py::test_patch_area_matches_same_crossing_lcfs_on_every_grid[17-27],not_run,unobserved
tests/test_equilibrium_separatrix_clip.py::test_patch_area_matches_same_crossing_lcfs_on_every_grid[23-35],not_run,unobserved
tests/test_equilibrium_separatrix_clip.py::test_patch_area_matches_same_crossing_lcfs_on_every_grid[29-45],not_run,unobserved
tests/test_equilibrium_separatrix_clip.py::test_perturbed_flux_moves_every_boundary_current_moment_continuously,not_run,unobserved
tests/test_equilibrium_separatrix_clip.py::test_polynomial_current_moments_match_adaptive_triangle_quadrature,not_run,unobserved
tests/test_equilibrium_separatrix_clip.py::test_t_junctions_share_one_atomic_edge_crossing,not_run,unobserved
tests/test_equilibrium_separatrix_clip.py::test_traced_clip_jits_once_and_vmaps_over_moving_separatrices,not_run,unobserved
tests/test_equilibrium_separatrix_clip.py::test_traced_clip_matches_exact_zero_corner_and_tangential_cells,not_run,unobserved
tests/test_equilibrium_separatrix_clip.py::test_traced_clip_matches_host_supports_and_linear_moments[15-17],not_run,unobserved
tests/test_equilibrium_separatrix_clip.py::test_traced_clip_matches_host_supports_and_linear_moments[17-27],not_run,unobserved
tests/test_equilibrium_separatrix_clip.py::test_traced_clip_matches_host_supports_and_linear_moments[23-35],not_run,unobserved
tests/test_equilibrium_sol.py::test_a_continuation_anchored_off_the_core_is_a_jump_in_disguise,not_run,unobserved
tests/test_equilibrium_sol.py::test_a_continuation_declares_a_bound_and_only_the_scale_its_form_uses,not_run,unobserved
tests/test_equilibrium_sol.py::test_a_continuation_publishes_the_class_form_and_support_it_declared,not_run,unobserved
tests/test_equilibrium_sol.py::test_a_kinked_core_gradient_has_no_separatrix_derivative_to_match,not_run,unobserved
tests/test_equilibrium_sol.py::test_a_separatrix_jump_is_refused_until_a_current_layer_owns_it,not_run,unobserved
tests/test_equilibrium_sol.py::test_an_open_domain_refuses_a_closure_that_declared_nothing,not_run,unobserved
tests/test_equilibrium_sol.py::test_no_current_reaches_a_cell_beyond_the_support_or_outside_material,not_run,unobserved
tests/test_equilibrium_sol.py::test_the_anchor_check_tolerance_is_far_above_its_own_truncation,not_run,unobserved
tests/test_equilibrium_sol.py::test_the_continuation_meets_the_core_at_the_separatrix[2-0-options0-2],not_run,unobserved
tests/test_equilibrium_sol.py::test_the_continuation_meets_the_core_at_the_separatrix[2-0-options0-3],not_run,unobserved
tests/test_equilibrium_sol.py::test_the_continuation_meets_the_core_at_the_separatrix[2-1-options1-2],not_run,unobserved
tests/test_equilibrium_sol.py::test_the_continuation_meets_the_core_at_the_separatrix[2-1-options1-3],not_run,unobserved
tests/test_equilibrium_sol.py::test_the_continuation_meets_the_core_at_the_separatrix[3-0-options0-2],not_run,unobserved
tests/test_equilibrium_sol.py::test_the_continuation_meets_the_core_at_the_separatrix[3-0-options0-3],not_run,unobserved
tests/test_equilibrium_sol.py::test_the_continuation_meets_the_core_at_the_separatrix[3-1-options1-2],not_run,unobserved
tests/test_equilibrium_sol.py::test_the_continuation_meets_the_core_at_the_separatrix[3-1-options1-3],not_run,unobserved
tests/test_equilibrium_sol.py::test_the_continued_source_is_exactly_zero_beyond_its_support[2],not_run,unobserved
tests/test_equilibrium_sol.py::test_the_continued_source_is_exactly_zero_beyond_its_support[3],not_run,unobserved
tests/test_equilibrium_sol.py::test_the_open_primitives_integrate_outward_from_the_boundary[2],not_run,unobserved
tests/test_equilibrium_sol.py::test_the_open_primitives_integrate_outward_from_the_boundary[3],not_run,unobserved
tests/test_equilibrium_sol.py::test_the_package_publishes_the_continuation_and_geometry_names,not_run,unobserved
tests/test_equilibrium_sol.py::test_the_plasma_reaches_its_boundary_before_any_open_label_starts,not_run,unobserved
tests/test_equilibrium_sol.py::test_the_private_flux_branch_is_labelled_and_reached_by_its_own_closure,not_run,unobserved
tests/test_equilibrium_sol.py::test_varying_the_private_flux_policy_moves_only_its_own_current,not_run,unobserved
tests/test_equilibrium_stencil_mesh.py::test_a_cell_may_centre_at_most_one_ring,not_run,unobserved
tests/test_equilibrium_stencil_mesh.py::test_a_hexagonal_ring_resolves_the_full_quadratic,not_run,unobserved
tests/test_equilibrium_stencil_mesh.py::test_a_ring_that_cannot_determine_a_quadratic_is_rejected,not_run,unobserved
tests/test_equilibrium_stencil_mesh.py::test_banked_unified_representation_satisfies_coverage_split_gates,not_run,unobserved
tests/test_equilibrium_stencil_mesh.py::test_boundary_profile_density_matches_adaptive_polygon_quadrature,not_run,unobserved
tests/test_equilibrium_stencil_mesh.py::test_boundary_support_error_converges_with_missing_area,not_run,unobserved
tests/test_equilibrium_stencil_mesh.py::test_boundary_support_is_c1_at_full_fill_without_smoothing,not_run,unobserved
tests/test_equilibrium_stencil_mesh.py::test_cells_without_a_ring_carry_no_derivative,not_run,unobserved
tests/test_equilibrium_stencil_mesh.py::test_complete_supports_use_the_own_node_profile_to_oracle_accuracy,not_run,unobserved
tests/test_equilibrium_stencil_mesh.py::test_moment_geometry_is_static_across_jitted_flux_updates,not_run,unobserved
tests/test_equilibrium_stencil_mesh.py::test_moment_geometry_shared_nodes_reproduce_a_quadratic_flux_map,not_run,unobserved
tests/test_equilibrium_stencil_mesh.py::test_own_node_field_varies_exactly_across_clipped_quadrature_points,not_run,unobserved
tests/test_equilibrium_stencil_mesh.py::test_shared_hexagon_node_evaluations_amortise_to_three_per_cell,not_run,unobserved
tests/test_equilibrium_stencil_mesh.py::test_the_conservation_receipts_agree_between_the_meshes,not_run,unobserved
tests/test_equilibrium_stencil_mesh.py::test_the_divergence_floor_is_truncation_and_falls_with_the_mesh,not_run,unobserved
tests/test_equilibrium_stencil_mesh.py::test_the_fitted_operators_converge_at_second_order,not_run,unobserved
tests/test_equilibrium_stencil_mesh.py::test_the_ring_fit_holds_its_conditioning_at_machine_scale,not_run,unobserved
tests/test_equilibrium_stencil_mesh.py::test_the_two_meshes_read_one_flux_map_alike[False-0.0005],not_run,unobserved
tests/test_equilibrium_stencil_mesh.py::test_the_two_meshes_read_one_flux_map_alike[True-1e-09],not_run,unobserved
tests/test_example_galleries.py::test_gallery_has_optional_dependency_group[fenics],not_run,unobserved
tests/test_example_galleries.py::test_gallery_has_optional_dependency_group[mast],not_run,unobserved
tests/test_example_galleries.py::test_gallery_source_compiles[credentials_error],not_run,unobserved
tests/test_example_galleries.py::test_gallery_source_compiles[dataset],not_run,unobserved
tests/test_example_galleries.py::test_gallery_source_compiles[efit],not_run,unobserved
tests/test_example_galleries.py::test_gallery_source_compiles[electromag_2D],not_run,unobserved
tests/test_example_galleries.py::test_gallery_source_compiles[elephant],not_run,unobserved
tests/test_example_galleries.py::test_gallery_source_compiles[equilibrium],not_run,unobserved
tests/test_example_galleries.py::test_gallery_source_compiles[fit_plasma_current],not_run,unobserved
tests/test_example_galleries.py::test_gallery_source_compiles[h_mode_detector],not_run,unobserved
tests/test_example_galleries.py::test_gallery_source_compiles[noise],not_run,unobserved
tests/test_example_galleries.py::test_gallery_source_compiles[optimum_bounding_box],not_run,unobserved
tests/test_example_galleries.py::test_gallery_source_compiles[plasma_current],not_run,unobserved
tests/test_example_galleries.py::test_gallery_source_compiles[plasma_volume],not_run,unobserved
tests/test_example_galleries.py::test_gallery_source_compiles[pygmsh_ex],not_run,unobserved
tests/test_example_galleries.py::test_gallery_source_compiles[pyvista_example],not_run,unobserved
tests/test_example_galleries.py::test_gallery_source_compiles[pyvista_plot],not_run,unobserved
tests/test_example_galleries.py::test_gallery_source_compiles[rotate_box],not_run,unobserved
tests/test_example_galleries.py::test_gallery_source_compiles[sheild],not_run,unobserved
tests/test_example_galleries.py::test_gallery_source_compiles[sheild_stl],not_run,unobserved
tests/test_example_galleries.py::test_gallery_source_compiles[simple_ex],not_run,unobserved
tests/test_example_galleries.py::test_gallery_source_compiles[store],not_run,unobserved
tests/test_example_galleries.py::test_gallery_source_compiles[summary],not_run,unobserved
tests/test_example_galleries.py::test_gallery_source_compiles[test_obb],not_run,unobserved
tests/test_example_galleries.py::test_gallery_source_compiles[tmp],not_run,unobserved
tests/test_example_galleries.py::test_gallery_source_compiles[train_equilibrium],not_run,unobserved
tests/test_example_galleries.py::test_gallery_source_compiles[train_plasma_volume],not_run,unobserved
tests/test_example_galleries.py::test_gallery_source_compiles[vedo_example],not_run,unobserved
tests/test_extraction_handoff.py::test_dense_exact_map_clears_the_service_core_floor,not_run,unobserved
tests/test_extraction_handoff.py::test_dense_exact_map_meets_the_arc_validity_contract,not_run,unobserved
tests/test_extraction_handoff.py::test_exact_evaluator_reproduces_the_solve_nodes,not_run,unobserved
tests/test_ferritic.py::test_insert_box_subframe,not_run,unobserved
tests/test_ferritic.py::test_insert_doublebox_frame_centroid,not_run,unobserved
tests/test_ferritic.py::test_insert_doublebox_frame_volume,not_run,unobserved
tests/test_ferritic.py::test_insert_doublebox_subframe,not_run,unobserved
tests/test_ferritic.py::test_insert_frame,not_run,unobserved
tests/test_ferritic.py::test_insert_frame_fromfile,not_run,unobserved
tests/test_ferritic.py::test_select,not_run,unobserved
tests/test_field.py::test_boundary_length_error,not_run,unobserved
tests/test_field.py::test_boundary_loop_error,not_run,unobserved
tests/test_field.py::test_boundary_positive_delta_a,not_run,unobserved
tests/test_field.py::test_boundary_positive_delta_b,not_run,unobserved
tests/test_field.py::test_multipolygon,not_run,unobserved
tests/test_field.py::test_negative_float_error,not_run,unobserved
tests/test_field.py::test_nfield_none,not_run,unobserved
tests/test_field.py::test_plasma,not_run,unobserved
tests/test_field.py::test_radial_field_matrix_length,not_run,unobserved
tests/test_field.py::test_radial_field_single_coil,not_run,unobserved
tests/test_field.py::test_sample_corners,not_run,unobserved
tests/test_field.py::test_sample_negative_delta_boundary_length[-11],not_run,unobserved
tests/test_field.py::test_sample_negative_delta_boundary_length[-1],not_run,unobserved
tests/test_field.py::test_sample_negative_delta_node_number[-1],not_run,unobserved
tests/test_field.py::test_sample_negative_delta_node_number[-2],not_run,unobserved
tests/test_field.py::test_sample_negative_delta_node_number[-7],not_run,unobserved
tests/test_field.py::test_store_load,not_run,unobserved
tests/test_filepath.py::test_checkdir[],not_run,unobserved
tests/test_filepath.py::test_checkdir[signal],not_run,unobserved
tests/test_filepath.py::test_checkdir_ssh,not_run,unobserved
tests/test_filepath.py::test_filepath,not_run,unobserved
tests/test_filepath.py::test_filepath_error,not_run,unobserved
tests/test_filepath.py::test_filepath_setter,not_run,unobserved
tests/test_filepath.py::test_local_filesystem,not_run,unobserved
tests/test_filepath.py::test_mkdepth_error,not_run,unobserved
tests/test_filepath.py::test_path[.magnets/data],not_run,unobserved
tests/test_filepath.py::test_path[/tmp.imas.nova],not_run,unobserved
tests/test_filepath.py::test_path[/tmp.imas.subpath/data],not_run,unobserved
tests/test_filepath.py::test_path[/tmp.nova.imas],not_run,unobserved
tests/test_filepath.py::test_path[/tmp.nova.subpath],not_run,unobserved
tests/test_filepath.py::test_path[/tmp.nova],not_run,unobserved
tests/test_filepath.py::test_path[/tmp],not_run,unobserved
tests/test_filepath.py::test_path[root.diagnostic/data],not_run,unobserved
tests/test_filepath.py::test_path[root.nova.imas],not_run,unobserved
tests/test_filepath.py::test_path[root.nova.subpath],not_run,unobserved
tests/test_filepath.py::test_path[root.nova],not_run,unobserved
tests/test_filepath.py::test_path[root.subpath.nova],not_run,unobserved
tests/test_filepath.py::test_path[root.subpath],not_run,unobserved
tests/test_filepath.py::test_path[root],not_run,unobserved
tests/test_filepath.py::test_path[site_config],not_run,unobserved
tests/test_filepath.py::test_path[site_data.nova.subpath],not_run,unobserved
tests/test_filepath.py::test_path[site_data],not_run,unobserved
tests/test_filepath.py::test_path[user_cache.nova.imas],not_run,unobserved
tests/test_filepath.py::test_path[user_cache],not_run,unobserved
tests/test_filepath.py::test_path[user_config],not_run,unobserved
tests/test_filepath.py::test_path[user_data.nova],not_run,unobserved
tests/test_filepath.py::test_path[user_data],not_run,unobserved
tests/test_filepath.py::test_ssh_appdirs_error,not_run,unobserved
tests/test_filepath.py::test_ssh_filesystem,not_run,unobserved
tests/test_firstwall.py::test_centroid_x,not_run,unobserved
tests/test_firstwall.py::test_centroid_z,not_run,unobserved
tests/test_firstwall.py::test_circle,not_run,unobserved
tests/test_firstwall.py::test_grid_no_plasma,not_run,unobserved
tests/test_firstwall.py::test_multiframe_area,not_run,unobserved
tests/test_firstwall.py::test_multiframe_nturn,not_run,unobserved
tests/test_firstwall.py::test_plasma_part,not_run,unobserved
tests/test_firstwall.py::test_plasma_turns,not_run,unobserved
tests/test_firstwall.py::test_plasmagrid_no_plasma,not_run,unobserved
tests/test_flux_surface_extraction.py::test_analytic_shape_gradient_jit_and_batch_contract,not_run,unobserved
tests/test_flux_surface_extraction.py::test_analytic_surface_line_averages,not_run,unobserved
tests/test_flux_surface_extraction.py::test_bicubic_iterations_preserve_carry_dtype_and_float64_values,not_run,unobserved
tests/test_flux_surface_extraction.py::test_boundary_band_is_fixed_shape_and_overflow_fails_closed,not_run,unobserved
tests/test_flux_surface_extraction.py::test_even_edge_root_pair_is_resolved_on_iter_inner_surface,not_run,unobserved
tests/test_flux_surface_extraction.py::test_extremum_radial_position_converges_faster_than_first_order,not_run,unobserved
tests/test_flux_surface_extraction.py::test_iter_shape_referees_localize_inner_surface_convention,not_run,unobserved
tests/test_flux_surface_extraction.py::test_real_equilibrium_reference_gates[STEP_SPP_001_ECHD_ftop.eqdsk-1],not_run,unobserved
tests/test_flux_surface_extraction.py::test_real_equilibrium_reference_gates[iterhybrid_cocos17.eqdsk-17],not_run,unobserved
tests/test_flux_surface_extraction.py::test_shape_representation_gradient_routes_only_selected_faces,not_run,unobserved
tests/test_flux_surface_extraction.py::test_short_corner_arc_rejects_a_disconnected_stationary_split,not_run,unobserved
tests/test_flux_surface_geometry.py::test_assembled_geometry_drives_current_diffusion,not_run,unobserved
tests/test_flux_surface_geometry.py::test_circular_geometry_has_analytic_volume_flux_and_profile_map,not_run,unobserved
tests/test_flux_surface_geometry.py::test_device_assembly_is_jit_and_vmap_safe,not_run,unobserved
tests/test_flux_surface_geometry.py::test_empty_surface_is_rejected_without_fabricated_geometry,not_run,unobserved
tests/test_flux_surface_geometry.py::test_nonuniform_surface_bins_preserve_fixed_output_contract,not_run,unobserved
tests/test_force.py::test_a_plasma_force_target_builds,not_run,unobserved
tests/test_force.py::test_crushing_moment_converges_as_the_tiling_refines,not_run,unobserved
tests/test_force.py::test_default_force_rule_is_the_section_fan,not_run,unobserved
tests/test_force.py::test_force_records_its_target_rule,not_run,unobserved
tests/test_force.py::test_force_target_policy_is_fixed_after_construction,not_run,unobserved
tests/test_force.py::test_force_target_policy_rejects_an_unsupported_setting[policy0],not_run,unobserved
tests/test_force.py::test_force_target_policy_rejects_an_unsupported_setting[policy1],not_run,unobserved
tests/test_force.py::test_force_target_policy_rejects_an_unsupported_setting[policy2],not_run,unobserved
tests/test_force.py::test_force_target_policy_rejects_an_unsupported_setting[policy3],not_run,unobserved
tests/test_force.py::test_force_target_policy_rejects_an_unsupported_setting[policy4],not_run,unobserved
tests/test_force.py::test_matrix_attrs,not_run,unobserved
tests/test_force.py::test_matrix_length,not_run,unobserved
tests/test_force.py::test_moment_arm_turns_about_the_conductor,not_run,unobserved
tests/test_force.py::test_negative_delta_frame,not_run,unobserved
tests/test_force.py::test_negative_delta_subframe,not_run,unobserved
tests/test_force.py::test_positive_delta,not_run,unobserved
tests/test_force.py::test_resolution,not_run,unobserved
tests/test_force.py::test_section_force_nodes_refuse_plasma_material,not_run,unobserved
tests/test_force.py::test_section_quadrature_balances_action_against_reaction,not_run,unobserved
tests/test_force.py::test_section_quadrature_converges_with_its_order,not_run,unobserved
tests/test_force.py::test_section_quadrature_holds_the_conductor_turns,not_run,unobserved
tests/test_force.py::test_section_quadrature_is_free_of_the_source_mesh,not_run,unobserved
tests/test_force.py::test_section_quadrature_refuses_a_force_map,not_run,unobserved
tests/test_force.py::test_section_quadrature_reproduces_the_refined_tiling,not_run,unobserved
tests/test_force.py::test_store_load,not_run,unobserved
tests/test_force.py::test_the_plasma_force_path_takes_the_tiling,not_run,unobserved
tests/test_force.py::test_the_plasma_rule_follows_the_target_and_not_the_coilset,not_run,unobserved
tests/test_force.py::test_the_tiling_stays_reachable_and_exact,not_run,unobserved
tests/test_force.py::test_totals_do_not_depend_on_the_source_mesh,not_run,unobserved
tests/test_force.py::test_turn_number,not_run,unobserved
tests/test_force.py::test_unit_delta,not_run,unobserved
tests/test_forward_transport.py::test_engine_failure_raises_without_a_fabricated_state,not_run,unobserved
tests/test_forward_transport.py::test_input_containers_own_immutable_copies,not_run,unobserved
tests/test_forward_transport.py::test_native_and_torax_rungs_share_the_typed_call_and_receipt,not_run,unobserved
tests/test_forward_transport.py::test_torax_step_gradient_matches_central_difference,not_run,unobserved
tests/test_forward_transport_reference.py::test_published_iterhybrid_rampup_matches_torax_entry_point,not_run,unobserved
tests/test_forward_transport_reference.py::test_published_rampup_trajectory_exercises_moving_grid,not_run,unobserved
tests/test_frame_ingest_import.py::test_frame_ingest_module_has_no_pandas_binding[nova.frame.itergeom],not_run,unobserved
tests/test_frame_ingest_import.py::test_frame_ingest_module_has_no_pandas_binding[nova.frame.machinedata],not_run,unobserved
tests/test_frame_ingest_import.py::test_vde_source_is_pandas_free,not_run,unobserved
tests/test_frameconstruction.py::test_bare_coil_insert_builds_subframe,not_run,unobserved
tests/test_frameconstruction.py::test_coil_insert_propagates_current_to_subframe,not_run,unobserved
tests/test_frameconstruction.py::test_coil_subframe_turns_normalise,not_run,unobserved
tests/test_frameindex.py::test_get_loc,not_run,unobserved
tests/test_framelink.py::test_Ic_unset,not_run,unobserved
tests/test_framelink.py::test_Ic_unset_Additional,not_run,unobserved
tests/test_framelink.py::test_attribute_metadata_replace,not_run,unobserved
tests/test_framelink.py::test_attribute_metadata_replace_error,not_run,unobserved
tests/test_framelink.py::test_columns,not_run,unobserved
tests/test_framelink.py::test_columns_metaframe_update,not_run,unobserved
tests/test_framelink.py::test_data_It_Ic_set_dict,not_run,unobserved
tests/test_framelink.py::test_data_It_Ic_set_insert,not_run,unobserved
tests/test_framelink.py::test_data_It_Ic_unset_dict,not_run,unobserved
tests/test_framelink.py::test_data_It_Ic_unset_insert,not_run,unobserved
tests/test_framelink.py::test_dataframe_addition,not_run,unobserved
tests/test_framelink.py::test_dataframe_addition_insert_required,not_run,unobserved
tests/test_framelink.py::test_dataframe_inplace_addition_insert_required,not_run,unobserved
tests/test_framelink.py::test_delim,not_run,unobserved
tests/test_framelink.py::test_drop_multipoint,not_run,unobserved
tests/test_framelink.py::test_frame_addition,not_run,unobserved
tests/test_framelink.py::test_frame_addition_required_error,not_run,unobserved
tests/test_framelink.py::test_frame_columns,not_run,unobserved
tests/test_framelink.py::test_frame_columns_multipoint,not_run,unobserved
tests/test_framelink.py::test_frame_index,not_run,unobserved
tests/test_framelink.py::test_frame_insert_required,not_run,unobserved
tests/test_framelink.py::test_index_length_error,not_run,unobserved
tests/test_framelink.py::test_init_insert_label,not_run,unobserved
tests/test_framelink.py::test_insert_insert_label_switch,not_run,unobserved
tests/test_framelink.py::test_instance,not_run,unobserved
tests/test_framelink.py::test_labelled_insert_offset,not_run,unobserved
tests/test_framelink.py::test_named_insert_no_number,not_run,unobserved
tests/test_framelink.py::test_named_insert_number_not_trailing,not_run,unobserved
tests/test_framelink.py::test_named_multi_insert,not_run,unobserved
tests/test_framelink.py::test_non_unique_index_error,not_run,unobserved
tests/test_framelink.py::test_required_add_error,not_run,unobserved
tests/test_framelink.py::test_required_add_frame,not_run,unobserved
tests/test_framelink.py::test_required_add_frame_error,not_run,unobserved
tests/test_framelink.py::test_required_additional_metadata_clash,not_run,unobserved
tests/test_framelink.py::test_required_insert,not_run,unobserved
tests/test_frameset.py::test_coilset_frames_and_operators_round_trip,not_run,unobserved
tests/test_frameset.py::test_frameset_persists_through_zarr,not_run,unobserved
tests/test_frameset.py::test_operator_rebuild_keeps_frame_group_intact,not_run,unobserved
tests/test_frameset.py::test_space_setattr_error,not_run,unobserved
tests/test_frameset.py::test_store_load,not_run,unobserved
tests/test_frameset.py::test_subspace_dataframe_access,not_run,unobserved
tests/test_framesetloc.py::test_array_repr,not_run,unobserved
tests/test_framesetloc.py::test_get_current_frame_keyerror,not_run,unobserved
tests/test_framesetloc.py::test_get_current_insert_default,not_run,unobserved
tests/test_framesetloc.py::test_get_current_subframe,not_run,unobserved
tests/test_framesetloc.py::test_get_current_subset,not_run,unobserved
tests/test_framesetloc.py::test_get_current_subspace,not_run,unobserved
tests/test_framesetloc.py::test_get_current_subspace_array,not_run,unobserved
tests/test_framesetloc.py::test_get_current_subspace_keyerror,not_run,unobserved
tests/test_framesetloc.py::test_get_key_error,not_run,unobserved
tests/test_framesetloc.py::test_get_subspace_error,not_run,unobserved
tests/test_framesetloc.py::test_set_column_error,not_run,unobserved
tests/test_framesetloc.py::test_set_current_frame_error,not_run,unobserved
tests/test_framesetloc.py::test_set_current_frame_subspace_error,not_run,unobserved
tests/test_framesetloc.py::test_set_current_subframe,not_run,unobserved
tests/test_framesetloc.py::test_set_current_subspace,not_run,unobserved
tests/test_framesetloc.py::test_set_current_subspace_array,not_run,unobserved
tests/test_framesetloc.py::test_set_current_subspace_error,not_run,unobserved
tests/test_framesetloc.py::test_set_frame_It_subspace_Ic,not_run,unobserved
tests/test_framesetloc.py::test_set_subspace_error,not_run,unobserved
tests/test_framesetloc.py::test_subframe_plasma_index,not_run,unobserved
tests/test_framespace.py::test_concatenate_does_not_inflate_subspace,not_run,unobserved
tests/test_framespace.py::test_drop_subspace,not_run,unobserved
tests/test_framespace.py::test_fix_aspect,not_run,unobserved
tests/test_framespace.py::test_loop_length,not_run,unobserved
tests/test_framespace.py::test_loop_length_abs,not_run,unobserved
tests/test_framespace.py::test_loop_length_factor,not_run,unobserved
tests/test_framespace.py::test_multipoint_factor,not_run,unobserved
tests/test_framespace.py::test_multipoint_factor_Ic_It,not_run,unobserved
tests/test_framespace.py::test_rectangular_cross_section,not_run,unobserved
tests/test_framespace.py::test_skin_section_area,not_run,unobserved
tests/test_frenet.py::test_binormal,not_run,unobserved
tests/test_frenet.py::test_binormal_error,not_run,unobserved
tests/test_frenet.py::test_helix[0.1--0.1],not_run,unobserved
tests/test_frenet.py::test_helix[0.1--2.3],not_run,unobserved
tests/test_frenet.py::test_helix[0.1-0],not_run,unobserved
tests/test_frenet.py::test_helix[0.1-3],not_run,unobserved
tests/test_frenet.py::test_helix[0.1-7.2],not_run,unobserved
tests/test_frenet.py::test_helix[11.3--0.1],not_run,unobserved
tests/test_frenet.py::test_helix[11.3--2.3],not_run,unobserved
tests/test_frenet.py::test_helix[11.3-0],not_run,unobserved
tests/test_frenet.py::test_helix[11.3-3],not_run,unobserved
tests/test_frenet.py::test_helix[11.3-7.2],not_run,unobserved
tests/test_frenet.py::test_helix[5--0.1],not_run,unobserved
tests/test_frenet.py::test_helix[5--2.3],not_run,unobserved
tests/test_frenet.py::test_helix[5-0],not_run,unobserved
tests/test_frenet.py::test_helix[5-3],not_run,unobserved
tests/test_frenet.py::test_helix[5-7.2],not_run,unobserved
tests/test_frenet.py::test_single_arc,not_run,unobserved
tests/test_frenet.py::test_single_line,not_run,unobserved
tests/test_frenet.py::test_torsion,not_run,unobserved
tests/test_geqdsk.py::test_committed_fixture_reads_as_the_analytic_equilibrium,not_run,unobserved
tests/test_geqdsk.py::test_committed_fixture_survives_a_further_round_trip,not_run,unobserved
tests/test_geqdsk.py::test_derived_grid_is_reconstructed[pnorm],not_run,unobserved
tests/test_geqdsk.py::test_derived_grid_is_reconstructed[x],not_run,unobserved
tests/test_geqdsk.py::test_derived_grid_is_reconstructed[z],not_run,unobserved
tests/test_geqdsk.py::test_psi_keeps_its_radial_and_vertical_axes,not_run,unobserved
tests/test_geqdsk.py::test_read_write_read_is_idempotent,not_run,unobserved
tests/test_geqdsk.py::test_write_then_read_returns_the_equilibrium,not_run,unobserved
tests/test_getslice.py::test_cache_reset,not_run,unobserved
tests/test_getslice.py::test_dict_copy,not_run,unobserved
tests/test_getslice.py::test_float_copy,not_run,unobserved
tests/test_getslice.py::test_get_data[-1],not_run,unobserved
tests/test_getslice.py::test_get_data[1],not_run,unobserved
tests/test_getslice.py::test_get_itime,not_run,unobserved
tests/test_getslice.py::test_getitime[0],not_run,unobserved
tests/test_getslice.py::test_getitime[1],not_run,unobserved
tests/test_getslice.py::test_match,not_run,unobserved
tests/test_getslice.py::test_time[0],not_run,unobserved
tests/test_getslice.py::test_time[1],not_run,unobserved
tests/test_getslice.py::test_time[2],not_run,unobserved
tests/test_getslice.py::test_time_partition,not_run,unobserved
tests/test_getslice.py::test_xarray_copy,not_run,unobserved
tests/test_groupset.py::test_local_arc_start_point_theta,not_run,unobserved
tests/test_groupset.py::test_source_axes[multiarc-a],not_run,unobserved
tests/test_groupset.py::test_source_axes[multiarc-n],not_run,unobserved
tests/test_groupset.py::test_source_axes[multiline-a],not_run,unobserved
tests/test_groupset.py::test_source_axes[multiline-n],not_run,unobserved
tests/test_groupset.py::test_space_intermediate_point[multiarc-point1],not_run,unobserved
tests/test_groupset.py::test_space_intermediate_point[multiline-point0],not_run,unobserved
tests/test_groupset.py::test_space_plot,not_run,unobserved
tests/test_hexcell_moment_equivalence.py::test_measurement_records_all_nine_moment_blocks,not_run,unobserved
tests/test_hexcell_moment_equivalence.py::test_refined_plasma_elements_converge_to_cell_moments[B_R-far-linear],not_run,unobserved
tests/test_hexcell_moment_equivalence.py::test_refined_plasma_elements_converge_to_cell_moments[B_R-far-uniform],not_run,unobserved
tests/test_hexcell_moment_equivalence.py::test_refined_plasma_elements_converge_to_cell_moments[B_R-near-linear],not_run,unobserved
tests/test_hexcell_moment_equivalence.py::test_refined_plasma_elements_converge_to_cell_moments[B_R-near-uniform],not_run,unobserved
tests/test_hexcell_moment_equivalence.py::test_refined_plasma_elements_converge_to_cell_moments[B_Z-far-linear],not_run,unobserved
tests/test_hexcell_moment_equivalence.py::test_refined_plasma_elements_converge_to_cell_moments[B_Z-far-uniform],not_run,unobserved
tests/test_hexcell_moment_equivalence.py::test_refined_plasma_elements_converge_to_cell_moments[B_Z-near-linear],not_run,unobserved
tests/test_hexcell_moment_equivalence.py::test_refined_plasma_elements_converge_to_cell_moments[B_Z-near-uniform],not_run,unobserved
tests/test_hexcell_moment_equivalence.py::test_refined_plasma_elements_converge_to_cell_moments[psi-far-linear],not_run,unobserved
tests/test_hexcell_moment_equivalence.py::test_refined_plasma_elements_converge_to_cell_moments[psi-far-uniform],not_run,unobserved
tests/test_hexcell_moment_equivalence.py::test_refined_plasma_elements_converge_to_cell_moments[psi-near-linear],not_run,unobserved
tests/test_hexcell_moment_equivalence.py::test_refined_plasma_elements_converge_to_cell_moments[psi-near-uniform],not_run,unobserved
tests/test_hexcell_moment_equivalence.py::test_refined_plasma_elements_preserve_total_current[linear],not_run,unobserved
tests/test_hexcell_moment_equivalence.py::test_refined_plasma_elements_preserve_total_current[uniform],not_run,unobserved
tests/test_hexstencil.py::test_column_zero_is_the_interior_cell_itself[shape0],not_run,unobserved
tests/test_hexstencil.py::test_column_zero_is_the_interior_cell_itself[shape1],not_run,unobserved
tests/test_hexstencil.py::test_column_zero_is_the_interior_cell_itself[shape2],not_run,unobserved
tests/test_hexstencil.py::test_column_zero_is_the_interior_cell_itself[shape3],not_run,unobserved
tests/test_hexstencil.py::test_every_index_stays_on_the_grid[shape0],not_run,unobserved
tests/test_hexstencil.py::test_every_index_stays_on_the_grid[shape1],not_run,unobserved
tests/test_hexstencil.py::test_every_index_stays_on_the_grid[shape2],not_run,unobserved
tests/test_hexstencil.py::test_every_index_stays_on_the_grid[shape3],not_run,unobserved
tests/test_hexstencil.py::test_neighbour_columns_carry_the_ring_offsets[shape0],not_run,unobserved
tests/test_hexstencil.py::test_neighbour_columns_carry_the_ring_offsets[shape1],not_run,unobserved
tests/test_hexstencil.py::test_neighbour_columns_carry_the_ring_offsets[shape2],not_run,unobserved
tests/test_hexstencil.py::test_ring_is_six_point,not_run,unobserved
tests/test_hexstencil.py::test_row_is_centre_then_ring,not_run,unobserved
tests/test_idsindex.py::test_coil_current_array,not_run,unobserved
tests/test_idsindex.py::test_dtype[path0],not_run,unobserved
tests/test_idsindex.py::test_dtype[path1],not_run,unobserved
tests/test_idsindex.py::test_dtype[path2],not_run,unobserved
tests/test_idsindex.py::test_empty,not_run,unobserved
tests/test_idsindex.py::test_get_path,not_run,unobserved
tests/test_idsindex.py::test_get_path_empty_branch,not_run,unobserved
tests/test_idsindex.py::test_ids_node_length,not_run,unobserved
tests/test_idsindex.py::test_name_array,not_run,unobserved
tests/test_idsindex.py::test_name_vector_error,not_run,unobserved
tests/test_idsindex.py::test_node_array_shape,not_run,unobserved
tests/test_idsindex.py::test_node_array_shape_force,not_run,unobserved
tests/test_idsindex.py::test_node_contex_manager,not_run,unobserved
tests/test_idsindex.py::test_node_vector_shape,not_run,unobserved
tests/test_idsindex.py::test_set_coil_name,not_run,unobserved
tests/test_idsindex.py::test_set_coil_turns,not_run,unobserved
tests/test_imas.py::test_database_eager,not_run,unobserved
tests/test_imas.py::test_database_lazy,not_run,unobserved
tests/test_imas.py::test_db_entry,not_run,unobserved
tests/test_imas.py::test_db_entry_is_valid,not_run,unobserved
tests/test_imas.py::test_environ[HDF5_USE_FILE_LOCKING],not_run,unobserved
tests/test_imas.py::test_environ[IMAS_HOME],not_run,unobserved
tests/test_imas.py::test_has_value,not_run,unobserved
tests/test_imas.py::test_ids_type,not_run,unobserved
tests/test_imas.py::test_is_valid,not_run,unobserved
tests/test_imas.py::test_lazy_load,not_run,unobserved
tests/test_imas.py::test_with_database_eager,not_run,unobserved
tests/test_imas.py::test_with_lazy_load,not_run,unobserved
tests/test_interpolant.py::test_bernstein_order,not_run,unobserved
tests/test_interpolant.py::test_linalg_and_design_matrices_do_not_import_jax,not_run,unobserved
tests/test_interpolant.py::test_linear_fit,not_run,unobserved
tests/test_interpolant.py::test_linear_plot,not_run,unobserved
tests/test_interpolant.py::test_polynomial_plot,not_run,unobserved
tests/test_interpolant.py::test_polynomial_remains_a_registered_pytree,not_run,unobserved
tests/test_interpolant.py::test_spline_fit,not_run,unobserved
tests/test_io_cocos.py::test_a_convention_to_itself_changes_nothing[b0_like],not_run,unobserved
tests/test_io_cocos.py::test_a_convention_to_itself_changes_nothing[dodpsi_like],not_run,unobserved
tests/test_io_cocos.py::test_a_convention_to_itself_changes_nothing[ip_like],not_run,unobserved
tests/test_io_cocos.py::test_a_convention_to_itself_changes_nothing[one_like],not_run,unobserved
tests/test_io_cocos.py::test_a_convention_to_itself_changes_nothing[psi_like],not_run,unobserved
tests/test_io_cocos.py::test_a_convention_to_itself_changes_nothing[q_like],not_run,unobserved
tests/test_io_cocos.py::test_a_measured_total_flux_needs_no_further_two_pi,not_run,unobserved
tests/test_io_cocos.py::test_a_poloidal_angle_is_not_carried_between_conventions,not_run,unobserved
tests/test_io_cocos.py::test_an_unknown_convention_is_refused,not_run,unobserved
tests/test_io_cocos.py::test_every_convention_is_its_own_digits,not_run,unobserved
tests/test_io_cocos.py::test_every_transform_is_undone_by_its_inverse[b0_like],not_run,unobserved
tests/test_io_cocos.py::test_every_transform_is_undone_by_its_inverse[dodpsi_like],not_run,unobserved
tests/test_io_cocos.py::test_every_transform_is_undone_by_its_inverse[ip_like],not_run,unobserved
tests/test_io_cocos.py::test_every_transform_is_undone_by_its_inverse[one_like],not_run,unobserved
tests/test_io_cocos.py::test_every_transform_is_undone_by_its_inverse[psi_like],not_run,unobserved
tests/test_io_cocos.py::test_every_transform_is_undone_by_its_inverse[q_like],not_run,unobserved
tests/test_io_cocos.py::test_the_flux_scale_is_the_reciprocal_of_the_flux_derivative_scale,not_run,unobserved
tests/test_io_cocos.py::test_the_mast_source_transform_matches_the_ledger,not_run,unobserved
tests/test_io_cocos.py::test_the_table_agrees_with_the_pinned_source_verdict,not_run,unobserved
tests/test_io_sourcemap.py::test_a_blocked_channel_has_to_state_its_obstruction,not_run,unobserved
tests/test_io_sourcemap.py::test_a_channel_is_never_both_served_and_blocked,not_run,unobserved
tests/test_io_sourcemap.py::test_a_family_becomes_one_variable_ordered_by_its_targets,not_run,unobserved
tests/test_io_sourcemap.py::test_a_map_survives_its_own_serialization,not_run,unobserved
tests/test_io_sourcemap.py::test_a_missing_clock_is_refused,not_run,unobserved
tests/test_io_sourcemap.py::test_a_row_survives_a_canonical_round_trip,not_run,unobserved
tests/test_io_sourcemap.py::test_a_stored_convention_factor_cannot_disagree_with_the_algebra,not_run,unobserved
tests/test_io_sourcemap.py::test_an_inadmissible_row_is_refused[overrides0-erases the signal],not_run,unobserved
tests/test_io_sourcemap.py::test_an_inadmissible_row_is_refused[overrides1-erases the signal],not_run,unobserved
tests/test_io_sourcemap.py::test_an_inadmissible_row_is_refused[overrides2-unknown transformation],not_run,unobserved
tests/test_io_sourcemap.py::test_an_inadmissible_row_is_refused[overrides3-blocked channel],not_run,unobserved
tests/test_io_sourcemap.py::test_an_inadmissible_row_is_refused[overrides4-unknown catalogue state],not_run,unobserved
tests/test_io_sourcemap.py::test_an_inadmissible_row_is_refused[overrides5-standard name must be non-empty],not_run,unobserved
tests/test_io_sourcemap.py::test_an_inadmissible_row_is_refused[overrides6-must be non-negative],not_run,unobserved
tests/test_io_sourcemap.py::test_applying_and_inverting_returns_the_source_samples,not_run,unobserved
tests/test_io_sourcemap.py::test_one_channel_cannot_fill_one_target_twice,not_run,unobserved
tests/test_io_sourcemap.py::test_samples_that_do_not_fit_their_clock_are_refused,not_run,unobserved
tests/test_io_sourcemap.py::test_the_conversion_is_the_product_of_three_named_factors,not_run,unobserved
tests/test_io_sourcemap.py::test_the_map_digest_does_not_depend_on_construction_order,not_run,unobserved
tests/test_io_sourcemap.py::test_the_round_trip_recovers_every_channel,not_run,unobserved
tests/test_io_sourcemap.py::test_the_served_targets_are_readable_per_container,not_run,unobserved
tests/test_io_sourcemap.py::test_two_clocks_stay_two_clocks,not_run,unobserved
tests/test_jax_config.py::test_compilation_retention_is_released_after_crossing_the_ceiling,not_run,unobserved
tests/test_jax_config.py::test_compilation_retention_rejects_non_positive_ceiling[-1],not_run,unobserved
tests/test_jax_config.py::test_compilation_retention_rejects_non_positive_ceiling[0],not_run,unobserved
tests/test_jax_config.py::test_compilation_retention_stays_hot_below_the_ceiling,not_run,unobserved
tests/test_jax_config.py::test_import_order_does_not_change_process_dtype_policy[modules0],not_run,unobserved
tests/test_jax_config.py::test_import_order_does_not_change_process_dtype_policy[modules1],not_run,unobserved
tests/test_jax_config.py::test_import_order_does_not_change_process_dtype_policy[modules2],not_run,unobserved
tests/test_jax_config.py::test_import_order_does_not_change_process_dtype_policy[modules3],not_run,unobserved
tests/test_jax_config.py::test_jit_caches_one_executable_per_selected_input_dtype,not_run,unobserved
tests/test_jax_config.py::test_removed_global_toggle_is_not_public,not_run,unobserved
tests/test_jax_config.py::test_runtime_precision_resolution_is_explicit_and_validated,not_run,unobserved
tests/test_jax_config.py::test_single_and_double_coexist_with_x64_capability_enabled,not_run,unobserved
tests/test_jax_null.py::test_absolute_fp32_geometry_is_rejected_before_normalization,not_run,unobserved
tests/test_jax_null.py::test_an_unqualified_locator_fits_on_the_double_ladder,not_run,unobserved
tests/test_jax_null.py::test_normalized_single_precision_reconstructs_iter_scale_null,not_run,unobserved
tests/test_jax_null.py::test_runtime_setup_supports_explicit_fp32_and_fp64_without_toggling,not_run,unobserved
tests/test_jax_null.py::test_tree_roundtrip_preserves_normalized_geometry_and_precision,not_run,unobserved
tests/test_label.py::test_default,not_run,unobserved
tests/test_label.py::test_input_exclude_unique,not_run,unobserved
tests/test_label.py::test_plasma,not_run,unobserved
tests/test_label.py::test_preclude,not_run,unobserved
tests/test_label.py::test_required,not_run,unobserved
tests/test_label.py::test_to_dict,not_run,unobserved
tests/test_limiter_topology_receipts.py::test_every_solve_publishes_a_topology_class,not_run,unobserved
tests/test_limiter_topology_receipts.py::test_failed_solve_does_not_bank_successful_transitions,not_run,unobserved
tests/test_limiter_topology_receipts.py::test_mast_limited_bank_agrees_without_efit_inputs,not_run,unobserved
tests/test_limiter_topology_receipts.py::test_synthetic_limited_round_trip_recovers_contact_within_one_cell,not_run,unobserved
tests/test_limiter_topology_receipts.py::test_transition_history_counts_only_successful_traversal,not_run,unobserved
tests/test_limiter_topology_receipts.py::test_wall_contact_tolerance_is_fixed_before_scoring,not_run,unobserved
tests/test_machine.py::test_cached_coilset_needs_no_reachable_datastore,not_run,unobserved
tests/test_machine.py::test_catalog_ids_validate_reopen_and_preserve_diagnostic_geometry,not_run,unobserved
tests/test_machine.py::test_current_limits_land_symmetrically_on_named_coils,not_run,unobserved
tests/test_machine.py::test_current_limits_reject_an_unmatched_identifier,not_run,unobserved
tests/test_machine.py::test_datastore_report_names_missing_level_and_parameter,not_run,unobserved
